CREATE DATABASE  IF NOT EXISTS `ims_schema` /*!40100 DEFAULT CHARACTER SET latin1 */;
USE `ims_schema`;
-- MySQL dump 10.13  Distrib 5.7.17, for macos10.12 (x86_64)
--
-- Host: localhost    Database: ims_schema
-- ------------------------------------------------------
-- Server version	5.6.40

/*!40101 SET @OLD_CHARACTER_SET_CLIENT=@@CHARACTER_SET_CLIENT */;
/*!40101 SET @OLD_CHARACTER_SET_RESULTS=@@CHARACTER_SET_RESULTS */;
/*!40101 SET @OLD_COLLATION_CONNECTION=@@COLLATION_CONNECTION */;
/*!40101 SET NAMES utf8 */;
/*!40103 SET @OLD_TIME_ZONE=@@TIME_ZONE */;
/*!40103 SET TIME_ZONE='+00:00' */;
/*!40014 SET @OLD_UNIQUE_CHECKS=@@UNIQUE_CHECKS, UNIQUE_CHECKS=0 */;
/*!40014 SET @OLD_FOREIGN_KEY_CHECKS=@@FOREIGN_KEY_CHECKS, FOREIGN_KEY_CHECKS=0 */;
/*!40101 SET @OLD_SQL_MODE=@@SQL_MODE, SQL_MODE='NO_AUTO_VALUE_ON_ZERO' */;
/*!40111 SET @OLD_SQL_NOTES=@@SQL_NOTES, SQL_NOTES=0 */;

--
-- Table structure for table `brand`
--

DROP TABLE IF EXISTS `brand`;
/*!40101 SET @saved_cs_client     = @@character_set_client */;
/*!40101 SET character_set_client = utf8 */;
CREATE TABLE `brand` (
  `BrandID` int(11) NOT NULL,
  `BrandDesc` varchar(45) DEFAULT NULL,
  PRIMARY KEY (`BrandID`)
) ENGINE=InnoDB DEFAULT CHARSET=latin1;
/*!40101 SET character_set_client = @saved_cs_client */;

--
-- Dumping data for table `brand`
--

LOCK TABLES `brand` WRITE;
/*!40000 ALTER TABLE `brand` DISABLE KEYS */;
INSERT INTO `brand` VALUES (1,'Generac'),(2,'Motorolla'),(3,'Yamaha'),(4,'Greenlee'),(5,'PowerGenix'),(6,'Other');
/*!40000 ALTER TABLE `brand` ENABLE KEYS */;
UNLOCK TABLES;

--
-- Table structure for table `business`
--

DROP TABLE IF EXISTS `business`;
/*!40101 SET @saved_cs_client     = @@character_set_client */;
/*!40101 SET character_set_client = utf8 */;
CREATE TABLE `business` (
  `BusinessID` int(11) NOT NULL,
  `BusinessName` varchar(45) NOT NULL,
  `Logo` blob,
  `Contact` varchar(45) DEFAULT NULL,
  `Email` varchar(45) DEFAULT NULL,
  `GroupPolicy` blob,
  PRIMARY KEY (`BusinessID`)
) ENGINE=InnoDB DEFAULT CHARSET=latin1;
/*!40101 SET character_set_client = @saved_cs_client */;

--
-- Dumping data for table `business`
--

LOCK TABLES `business` WRITE;
/*!40000 ALTER TABLE `business` DISABLE KEYS */;
INSERT INTO `business` VALUES (1,'IMS','ยPNG\r\n\Z\n\0\0\0\rIHDR\0\0\ร\0\0\ร\0\0\0ย8\รy\0\0 \0IDATxย\รฌ\ร{ยฐ\รu}/รบ7!ย[X\รU1,ยกยข\\EยฅJยย(W1jยฉn\'ยMรถiG\รJuยNย}v)J<ยzh\รZ16-รยยง/Uยx$ยยคTยญHkE]ยยตMยr\รค\Z\รk\รbBย\รz~\ร\รฏรณ{ยฝfย\ร\รรบยจยยy\รรปรน~\ร	\0\0\0\0\0\0\0\0\0\0\0\0\0\0\0\0\0\0\0\0\0\0\0\0\0\0\0\0\0\0\0\0\0\0\0\0\0\0\0\0\0\0\0\0\0\0\0\0\0\0\0\0\0\0\0\0\0\0\0\0\0\0\0\0\0\0\0\0\0\0\0\0\0\0\0\0\0\0\0\0\0\0\0\0\0\0\0\0\0\0\0\0\0\0\0\0\0\0\0\0\0\0\0\0\0\0\0\0\0\0\0\0\0\0\0\0\0\0\0\0\0\0\0\0\0\0\0\0\0\0\0\0\0\0\0\0\0\0\0\0\0\0\0\0\0\0\0\0\0\0\0\0\0\0\0\0\0\0\0\0\0\0\0\0\0\0\0\0\0\0\0\0\0\0\0\0\0\0\0\0\0\0\0\0\0\0\0\0\0\0\0\0\0\0\0\0\0\0\0\0\0\0\0\0\0\0\0\0\0\0\0\0\0\0\0\0\0\0\0\0\0\0\0\0\0\0\0\0\0\0\0\0\0\0\0\0\0\0\0\0\0\0\0\0\0\0\0\0\0\0\0\0\0\0\0\0\0\0\0\0\0\0\0\0\0\0\0\0\0\0\0\0\0\0\0\0\0\0\0\0\0\0\0\0\0\0\0\0\0\0\0\0\0\0\0\0\0\0\0\0\0\0\0\0\0\0\0\0\0\0\0\0\0\0\0\0\0\0\0\0\0\0\0\0\0\0\0\0\0\0\0\0\0\0\0\0\0\0\0\0\0\0\0\0\0\0\0\0\0\0\0\0\0\0\0\0\0\0\0\0\0\0\0\0\0\0\0\0\0\0\0\0\0\0\0\0\0\0\0\0\0\0\0\0\0\0\0\0\0\0\0\0\0\0\0\0\0\0\0\0\0\0\0\0\0\0\0\0\0\0Pยดย\0:รต\ร3\ร4=\0\0ร\ร,[ยยณยฏZยรฟยดdnยฎ<^>\รรด<\0\0\0ยยฒ\ร\"J\รe;ยฉย\0\0\0hยย\'sรยปยฎ\รรย<ยยย\รI29>ยย+N\ร\รขรนs2\รรด|\0\0\0รฝยS2\รI5\รจ\0\0รยจ;zyn\ร,8\ร\ร\รค\รขยนY~รนIยน`\รs\0\0ย\0ยย\รNยช!@\0\0Fรยฆs\รญ\รยo2ย$xu.t\ร\0\0ยจย\0ยย\รNยช!@\0\0FMรรนย&\ร\ร2ยก\0\0ยจย\0ยย\รNยช!@\0\0F\รVz\ร{ยฅ\0\0ยจย\0ยย\รNยช!@\0\0Fรvz\ร{5\รฉยฌ;\0\0P:%ยณยTCย\0\0รยฌยs\รญยรย\0\0TAยN\รl\'\รย\0\05\ZBpยพ%รฝ\รจ\0\0@\ร\รจย\รvR\r:\0\0Pยรถยรทjr|,ยท/\รรผ~6\0\0ร6	\ร)ย\รญยค\Zt\0\0ย\ร\รs\รg\ร\0ย\รข\ร)ย\รญยค\Zt\0\0ยt\rยk\รฏย \0\0(ย\0ยย\รNยช!@\0\0JUppยพ%รฝ\รจ\0\0@\รฃ\รจย\รvR\r:\0\0Pยz\ร{5ยน\รรยฌยบรถรย\รรด \0\0@รป\ร)ย\รญยค\Zt\0\0ย$รตยรท\รYw\0\0ยtJf;ยฉย\0\0\0(AE\รง\ร;%H\0\0ยJยN\รl\'\รย\0\0M\Zร\ร|Kรบ\ร\0ยยกยS2\รI5\รจ\0\0@*\รฎ9\รฏย~t\0\0`Z	\ร)ย\รญยค\Zt\0\0`\ร]ยยซ\รga\รยo\รYw\0\0`\ร\ร)ย\รญยค\Zt\0\0`XZpยฎยฝSยt\0\0`\ร\รจย\รvR\r:\0\00\รVยฎ\ร	ยรยย\รงยฟD?:\0\000tJf;ยฉย\0\0\0ย.-\รฌ9\รฏย~t\0\0ยotJf;ยฉย\0\0\0ย\รง\\ยยVยฎ\ร\ร\ร;\รฅยฌ;\0\0\ร:%ยณยTCย\0\0ยยรณยพ	\ร\0ยย\ร)ย\รญยค\Zt\0\0`รดยย~t\0\0ย+tJf;ยฉย\0\0\0รจยยรณiยง\0\0\รจย\0ยย\รNยช!@\0\0zยตรยนรถรฃยยe\ร9\รซ\0\0lย\0ยย\รNยช!@\0\0ยบยฅ\รงยผ1ยt\0\0`ย\รจย\รvR\r:\0\0\ร)\รงรยยก\0\0รธ%tJf;ยฉย\0\0\0\รจ\ร\ร\รsยณ\รยผ8รบ\ร\0ย_ยSยฒM\0\0\0\0ยยฐlM\รยk\ร\รชรตYยธ\รeYยฟlM\รnz\0\0\0\ร_\รฏย\Z^ย\0\0[ยฃ\รงยผ:รบ\ร\0ย\รฅยผ@ยงdยถยj\ร\0ย\ร\รฉ9ยฏ\ร\รครธX&รยยย\ร\ร\rM\0\0ย\0ยย\รNยช!@\0\06qยช}ยคL.ยยรฅยยยย\0\0:%ยณยTCย\0\08\ร>ยฒยu\0ยยS2\รI5\รจ\0\0\ร^ยรณ\รยค\0@\ร)ย\รญยค\Zt\0\0h=รงยญยฅ\0\0Fย\0ยย\รNยช!@\0ยv\รsNรดยฃ\0รHยS2\รI5\รจ\0\0\รรยตยณg\ร\0`\ร\ร)ย\รญยค\Zt\0\0mยsยถcr|,K\รฆ\รฆJA:\0\0\รMยN\รl\'\รย\0รh\รsNย&\ร\ร2q\ร\รY<N&ย\0\0\รจย\0ยย\รNยช!@\0ยรยฃ\รงย>\รจG\0ยJ	\ร)ย\รญยค\Zt\0\0รยต3 รบ\ร\0ยBtJf;ยฉย\0\0\0\รช\'8gย\รจG\0ยย\ร)ย\รญยค\Zt\0\0ยจยยsยdr|,ยท/\รรผยฆ\0\0ยถMยN\รl\'\รย\0@ยรดย3dรยบ\0@\รก\รจย\รvR\r:\0\0\รรยนv\Z&H\0ยB	\ร)ย\รญยค\Zt\0\0ยจย\รย\ร\รจG\0ย\ร\ร)ย\รญยค\Zt\0\0(ยยs\n7ยน\รรยฌยบรถรย\รรด \0\0\รvtJf;ยฉย\0\0\0รยฅ\รงยJ8\รซ\0\0ยS2\รI5\รจ\0\0P\รงรยฉย \0\0\Z$@ยงdยถยj\ร\0ยยsFย~t\0\0hย\0ยย\รNยช!@\0ย\รฆ\รฉ9gD\รฉG\0ย!ยS2\รI5\รจ\0\0รยฌE\รd\ร\รชรตYร9ยฃ\รYw\0\0:%ยณยTCย\0\0\รpยฎยยยค\0ร4ยS2\รI5\รจ\0\00\\+\ร\รฅยKn\รรยsZJ?:\0\0L:%ยณยTCย\0\0รยก\รงยE?:\0\0ย\0ยย\รNยช!@\0ย\รฉw\รรตยนh\รฅ\ร,ย\ร6\รงยฌ;\0\0ย\0ยย\รNยช!@\0ย\รฉยฃ\รง:\"H\0ยยS2\รI5\รจ\0\00xzรยก\'รบ\ร\0ยtJf;ยฉย\0\0\0G\ร9ย~t\0\0\รจย\0ยย\รNยช!@\0ยร\ร\รฌ\\รปqM\ร#รYw\0\0\รจย\0ยย\รNยช!@\0ยรพ\รจ9ยi%H\0ย	\ร)ย\รญยค\Zt\0\0รจยยs*รฝ\รจ\0\0ยฐtJf;ยฉย\0\0\0ยบwรดรฒ\ร,8ยF\รจG\0ยmยSยฒM\0\0\0ร\ร-[ยยณย\รงรยจ9ยซ\รg\รก^ยeรฝยฒ59ยป\รฉa\0\0\0รจยยฏwP\r/\ร\0`รปรดยCยรดยฃ\0รfยผ@ยงdยถยj\ร\0`\รnย\รA\รฏยบ.+\รงP4รฝ\รจ\0\0:eยณยTCย\0\0[\รงT;TG?:\0\0ยญ&@ยงd:\ร\0\0*ยฅ\รงยชยฅ\0\0ยPยพ\รA5ยผ@\0ย)z\รaยค\รจG\0ยuยผ@ยงdยถยj\ร\0h;=\รง0\ร&\ร\ร2qรพยผ\\ยธdnnhz\0\0ยNtJf;ยฉย\0\0ย6sยชZcrรฑ\ร,ยฟรผยค\\\รรด \0\00]\รจย\รvR\r:\0\0m\รค\\;ยดยยณ\รฎ\0\0ย4:%ยณยTCย\0@ยรยรผรยณ\รฎK\รฆ\รฆJA:\0\0ยฃDยN\รl\'\รย\0\รzรยยญย\ร\ร\'gรฑรผ9ยhz\0\0\รจย\0ยย\รNยช!@\0`\ร\รฉ9ยถC?:\0\0#AยN\รl\'\รย\00ยชยkยบย\0ย\รช	\ร)ย\รญยค\Zt\0\0Fย\ร\รจย~t\0\0ยช%@ยงdยถยj\ร\0zรยย\ร\ร\รญK3ยฟ\รฉA\0\0ยStJf;ยฉย\0\0ยQย\รงยรยบ\0P:%ยณยTCย\0@รยkย@ย\0@\รจย\รvR\r:\0\05ย\rรย\0@\ร\รจย\รvR\r:\0\05\รs`rรยYu\รญย9ยซ\รฉA\0\0`stJf;ยฉย\0\0ยZ\รจ9\n\รขยฌ;\0\0\รยS2\รI5\รจ\0\0ยรยนvย`ยt\0\0ย!@ยงdยถยj\ร\0(ย\รยจย~t\0\0\Z\'@ยงdยถยj\ร\0(ยยsยbรบ\ร\0hย\0ยย\รNยช!@\0ย$ยยฎรย\ร\รซยณ0ยsย^รยบ\0\ร:%ยณยTCย\0@	ยkFย \0ยยกยS2\รI5\รจ\0\04Ipยดย~t\0\0ยBยN\รl\'\รย\0\ร=\รง@\รฉG\0`Z	\ร)ย\รญยค\Zt\0\0ย\รญย\รซs\รรยตY\Zร9\ร>รยบ\00m\รจย\รvR\r:\0\0\ร\รข\\;ร/\ร\08:%ยณยTCย\0รt[ยน.\'\\rk.ยรผรฝ\รจ\0\0ย\0ยย\รNยช!@\0`ยบ\รจ9\รจย~t\0\0รบ&@ยงdยถยj\ร\0ยยยk?ยฎ\รฉY\0*\รกยฌ;\0\0}ยS2\รI5\รจ\0\0ยยsยยพ	\ร\0\รจย\0ยย\รNยช!@\0`รดยย~t\0\0ยบ\"@ยงdยถยj\ร\0รจยยsยiยง\0ยย\ร)ย\รญยค\Zt\0\0zยฅ\รง`hยu\0`ยป\รจย\รvR\r:\0\0\ร\รs\รA:\0\0\ร$@ยงdยถยj\ร\0\รจยs\รญ\0\รรย\0ร/ยS2\รI5\รจ\0\0t\รข\รจ\รฅยนYpPรฝ\รจ\0\0รผย\0ยย\รhz\0\0\0ยAXยถ&g\รย5gรตรบ,\รรซยฒยฌ_ยถ&g7=\0\0รยถรธz\รรฐ\0ยยญ\รsPรฝ\รจ\0\0-\รง:%ยณยTCย\0ร\รฆรดยTor|,\รง\รรยK\รฆรฆยยฆย\0`x\รจย\รvR\r:\0\0ย8\ร0R&\ร\รรฒ\รO\รM\0รp\ร)ย\รญยค\Zt\0\0ยkYรยบ\0ยดย\0ยย\รNยช!@\0h/ร9@k\ร\0Z@ยN\รl\'\รย\0ยดยยsยรย\ร\ร\'gรฑรผ9ยhz\0\0KยN\รl\'\รย\0ยดยยs\0ยข\0`$	\ร)ย\รญยค\Zt\0ยvpยฎย-8\รซ\00b\รจย\รvR\r:\0รhยยฐย\รฃcยX27W\n\ร\0\รช&@ยงdยถยj\ร\0Fยยs\0ยบ49>ยยรยf~รย\0\0\ร:%ยณยTCย\00zรดย\ร#g\ร\0*&@ยงdยถยj\ร\0Fยs\รญ\0ย \0ยBtJf;ยฉย\0\0ย~ยs\0ยฆย~t\0ยย\ร)ย\รญยค\Zt\0ยz\รฉ9`H&ยUรยยยณย\0ยmยS2\รI5\รจ\0\0u\รsรย9\รซ\0P8:%ยณยTCย\0P\รง\รhย \0ยPtJf;ยฉย\0\0ยยs\0\nยฃ\0ย0tJf;ยฉย\0\0ยlz\ร(ย~t\0ยB\ร)ย\รญยค\Zt\0ยr-ยบ&+Vยฏ\ร\ร\ร(ยยณ\รฎ\0\0ยS2\รI5\รจ\0\0\รฅqยฎยJ	\ร\0\Z$@ยงdยถยj\ร\0\ร!8`D\รจG\0hย\0ยย\รNยช!@\0hยยs\0Fย~t\0ย!ยS2\รI5\รจ\0\0\ร\รsรยs\ร\0`H\รจย\รvR\r:\0@3ยkยe\รฉ\0\0\รLยN\รl\'\รย\0\ร\รu9\รกย[sยฑ\รยยรย\00M\รจย\รvR\r:\0รp\รจ9ยgรย\00`tJf;ยฉย\0\0`รบยs}.Zยน6K#8ย\"\รญยdรยSรฟ\รyf2kFrรยฃSรฟ\ร\รgยยฝvIยx:y\รฌ\รฉ\รครยงยยข``ยu\0 :%ยณยTCย\00}รดยCyv\ร!KN9x*0?nNrรย\ร>ยป$?j\รชรฝ.;&ยปรยรบ\ร?ยต1y\รฌ\รdยย\ร\ร?Oยพ6ย\รyรฒยฏ$%รทรฝ<yรธย&รฟรHยค\0ย\0ยย\รNยช!@\0<=\รงPย9ยณยยทย\รฌยฟ{r\ร!\ร~ยป&ยป\รญ\รรฟยรทย\ร$w=ยรผรยบ\รคยรฟยรผรณยฝS/รยxz cC\รฉG\0\รจย\0ยย\รNยช!@\0=\รงPยยvL~\รญรน\รoยย~H26kz\ร\รยงรพy\ร]\ร\รรฝkrรณรบd\ร#\ร\รฃ\รt\รจย~t\0ย\ร)ย\รญยค\Zt\0ยร\ร\รฌ\\รปqM\รmvร\รฎ\รq&ยด yร\รฎ\รรยฐรฑย\รค\รฎGยรย\\รณ/Sย:\ร5g\ร\0ยบ$@ยงdยถยj\ร\0รบยฃ\รง\รรฑยปยฏH^pรฒรฒรฝยยฝwizย)ย=5รยรพย%+\รฎH\รฎ|ยรฉยย:ยt\0ย	\ร)ย\รญยค\Zt\0ย\ร8\ร\รฅ8\รฆรน\รyยฏLย\รรดยj\รฏรยรท\'ยยผ=รน\รIรพรฝ\รงMO\รรย\0ยฐtJf;ยฉย\0\0ย{G/\รรยsh\รรฌยย3K.<.\ร{รยฆยง\รฉ\ร\รฎOรพ\รข;\ร\รง\รฏL~รบยณยฆยงย\รช\รจG\0\ร:%ยณยTCย\0\ร9\รงรยกรปรฌยยฌ|Sr\รฌMOรยปยยH>รถย\ร\รnkzยจยยณ\รฎ\0\0[!@ยงdยถยj\ร\0ยถOpe\รs\รง\รค\รย\ร^ย\รฌยพS\ร\รรด\รงยgยยยยยซ\ร%\รnmz\Zยจย \0`3tJf;ยฉย\0\0`\รรดยCy\รฆ\รฌย\\ยถ0yรฝรMO2x7รฝ$9\รงยซ\ร]5=	Tgr|,\รง\รรยK\รฆรฆยยฆย\0hย\0ยย\รNยช!@\0\ร:=\รงPย\รwJ>qJrรบ!MO2ยฝยยญIVยฎยคC&\ร\รรฒ\รO\รM\0\ร:%ยณยTCย\0รฐlรยตCยน^7ยรผรนยฉ\รรณwkzย\รกXยถ&ยน\รYwรจยยณ\รฎ\0@k	\ร)ย\รญยค\Zt\0ย)ยs(\ร\ร3ย\ร^ยรผยรยยdยธ\รฎz8รน\รZA:รด@ย\0ยดย\0ยย\รNยช!@\0\รN\ร9\รaยฟรยรฟรพ\รซ\ร\รกรปยดรณCยท~t\รจ\ร\รครธX&ยฎ89ย\รง\ร\รD\ร\ร\0\0L\':%ยณยTCย\0ยดยยsยจ\ร\รรทOยพรดยถdรยMO\ร,รฝ\รจ\ร3รฝ\รจ\0ร\รยSยฒM\0\0\0lรยฒ59[xuYรด\รd\รงยยยขy\รง\รKยพยณ4รนรยซยยยช3g\รฅ\ร,\รรซยฒยฌ_ยถ&g7=\0\0ยดยยฏwP\r/\รย6\รsรตzรณKยOยย\รรฐยรปรดยฃC\ร&\ร\ร2ยฑdnยฎรย\0ย/\ร)ย\รญยค\Zt\0ย\rรดยCรฝ~\รฃยฐ\รค\รNNvrรณ\รญย\รจGยย\รฉG\0Fย\0ยย\รNยช!@\0FยS\รญ0\Zยย|}qยฒรยฎMOR.รฝ\รจรยณ\รยผ:zย\0\รNยN\รl\'\รย\0ยฃรยนv-ยป\รJ\รรปยช\รคยผW6=Iรนยยญq\รz0ย$ยt\0ยftJf;ยฉย\0\05ยs]Jรพยฏยยรทlzยรฒ\รฉGยย\รฉG\0ยช%@ยงdยถยj\รยQยก\รง\ร\รกยท_ย|\รครธdG]\รจรย=ย\ร\ร\รญK3ยฟ\รฉA\0\0:%@ยงdยถยj\รยQย\รง\ร\รฃ\ร=ยรฟ:?Yรดรยฆ\'ยฉย~tรจยยณ\รฎ\0@U\รจย\รvR\r:\0P3\รงรยกย\ร;รนรฐ\รซย^\รคxยทรดยฃCO\รฉ\0@\รจย\รvR\r:\0P#ร9ยฐ\รฃย\รคยฏNON;ยค\รฉI\รชs\ร\รรยฒ[ยง^ยค]รย\0MยN\รl\'\รย\05\รsl\รฎยฅ{%ยยยย0ย\รรฐIยผk+\รM\รฉรยบC\ร&ยUรยยยณย\0`stJf;ยฉย\0\0ยจยยs`kf\รฏย\\ยบ09\รฅWย\รง\รญ\รรด4uรย=q\ร\0(ย\0ยย\รNยช!@\0J\รง\\;รย\ร_ย|laยฒรฟ\รฎMORยงยปN>ยณV?:รด@ย\0CยN\รl\'\รย\0ยฅย\ร\Z\ร#รนยญ_M~รฟUMORยฏยปN\รรนJr\รdรย@uรดยฃ\0ยยS2\รI5\รจ\0@iรดยรฝ\รkยd\รKย?xMยฒ\รnMOS/รฝ\รจ\ร3รฝ\รจ\0@c\รจย\รvR\r:\0PยE\รd\ร\รชรตYร9รยง#รทMรพ\รซkย_{ยnรด~\รจGยย8\รซ\04BยN\รl\'\รย\0%pยฎย{\รJย\ร/รน\รkยรนรพ\ร\ร3รฝ\รจ\ร3A:\00TtJf;ยฉย\0\0h\ร\รu9\รกย[sยฑ\รยN\รฏย,9*9\รญ\รS/\ร\รฉ\ร]\'oรบo^ยฃCรดยฃ\0C!@ยงdยถยj\รย&\รจ9ยยฐ`<Yr\รTย>\รฆยฌ{รยuยย\รฉG\0ยฆย\0ยย\รNยช!@\0ย\รญย\รซs\รรยตY\Zร9รย\รฃ\ร\รงMยฝFยครทNย=q\ร\0ย6tJf;ยฉย\0\0=\รง@Iยยทsรฒ\รย\ร}Eรฒ\ZE\รชย~t\รจย \08:%ยณยTCย\0L7=\รง@\ร6รตยฃยฟ\รฃรฐ\รครยฑยฆยงยฉ\รM?I\รรนยช\ร\รจ\รรฝ\รจ\0รร\ร)ย\รญยค\Zt\0`ยบ\รจ9jยข}0ยuยย\รฉG\0รบ&@ยงdยถยj\รย\รฉยฐรยนรถรฃยยยรบ\รc\ร\Zgรยกรยบ\0}ยS2\รI5\รจ\0ร \รฉ9Fย~รดรรย=ยค\0=ยS2\รI5\รจ\0ร 8\รยยขMรฝ\รจยฟรณ2ยฏ\รรปยกzยฆ\0\รจย\0ยย\รNยช!@\0รบuรดรฒ\ร,8Fรยรฑ\รค]/O\รฆ\รยครทC?:รดL?:\0\ร:%ยณยTCย\0รดรยนvยmรดยฃย~tรจยยณ\รฎ\0รv	\ร)ย\รญยค\Zt\0ย[ยsย\รรดยฃย~t\รจย \0\ร&:%ยณยTCย\0tJ\ร9รรฟrรฐรยปยI\รqย\ร\รจรฝรย=ย\ร\รรนรณrรกยยนยนยก\รฉa\0ย2\ร)ย\รญยค\Zt\0ยz\รยถN?รบ`\รจGยยM.ยยรฅยยยย\0hย\0ยย\รNยช!@\0ยยs\รญ\0ยY0ย|xAr\ร~MOR7รฝ\รจ\รg\รย$t\รf;ยฉย\0\0\ร\Zร9@w\ร=&9\รซยจ\รคย\รง%3รผVย/รบรยกgยt\0h9:%ยณยTCย\0lN\ร9@w\ร=&yรป\รก\ร\ร}ยg4=\รhรย=รย\0-%@ยงdยถยj\รยMรดยt\รฎ\รยยยยยตยฏ\ร|ยบ\รฉGยย\รฉGยยยS2\รI5\รจ\0ยs\รญ\0\รYqFยฒp<\รeยฆรฐ|ยรดยฃCOยuยยS2\รI5\รจ\0\ร^ยsย\รฎย{Lรฒยย\รช9ย7C?:รดlr|,K\รฆ\รฆJA:\0ย.:%ยณยTCย\0\รญยฃ\รงย;z\รรยฃz69>ยย+N\ร\รขรนs2\รรด0\0ร`	\ร)ย\รญยค\Zt\0h=\รง\0ย\รs^>รฝ\รจ\ร3รฝ\รจ\00ย\รจย\รvR\r:\0ยดยs\รญ\0\รรน\รรฑS\รง\รรตย\รA?:รดD?:\0ย:%ยณยTCย\0ยฃMp\ร=\รงรตรย=รย\0#BยN\รl\'\รยรh\รsรยยทยยรทJ=\รงยฃ@?:รดlr|,ยท/\รรผยฆ\0z#@ยงdยถยj\ร`รด\รจ9รจยยรณรยฅz\รขยฌ;\0TLยN\รl\'\รยร\รจpยฎย;รยตยทย~t\รจย \0*$@ยงdยถยj\รย~ยsย\รฎ\ร\รรงยฎยยeยทNยฝHยบยข\0*\"@ยงdยถยj\รย^z\รยบยฃรงยยรซยฆยtgรยกkยรยชk\ร\รYM\0lย\0ยย\รNยช!@ย:\รฉ9รจยยsยถยคz\รขยฌ;\0NยN\รl\'\รย@]ยk\รจยs\รญ<รฝ\รจ\รA:\0JยN\รl\'\รย@\รง\0\รยรยฉยปN\รรนJr\รdรย@uรดยฃ@a\รจย\รvR\r:\0ยM\ร9@wย= ยนรดD=\รงtO?:รดL?:\0BยN\รl\'\รย@ยน]ยยซ\รga\รง\0\ร5gvrรยรดย\ร?รฝ\รจ\รg\รย\0tJf;ยฉย\0\0\ร\รฃ\\;@wยkg\รรยป*รน\รwยยยช$Hย	\ร)ย\รญยค\Zt\0(\ร\รu9\รกย[sยฑ\รย3ยsm\รฃ3รยตwN\รจรทรฝยผ\รฉiยjรบ\รยtJf;ยฉย\0\0ยยง\รงย;zรย.รฟรถhrรฒ\ร$w=\รรด$02รดยฃร	\ร)ย\รญยค\Zt\0h\ร9\รรงยขยkยณ4ยsย\รญย3;Yรฑ\ร\รคยจรฝยY;6=\rยฃ\รฆรฑยงยw^ย\\รท\รฃ\รค\ร\'ยยFยยณ\รฎ\00$tJf;ยฉย\0\0ยยก\รงย;รยตรท\รฏ\รชu\ร?รยยผรน%\รkรผย\รงYยIรฒ\รI.Xย<รฑt\ร\รร\รยคร4ยS2\รI5\รจ\00\\z\รยบs\รฎ1\ร\รขยนรยก{	\ร{u\ร=\รG\ร$\รO$ย=ยยผGยฒ\รคยจ\รคย\'ย5=]6<ยยผ\รฉย\รคG&Oolz\Zyรบ\ร`ย\ร)ย\รญยค\Zt\0=\รง\0\ร\รs>ยบ1รน\รขยรยGยง\รรณ\ร-Oยยยรถ\รขdl\รงf\รฆ+รO\'รธzรฒ\รฉ;ยaยจรดยฃรย	\ร)ย\รญยค\Zt\0ย~ยยk?ยฎ\รฉY\0Jยทยฉ\รงรผย}ย]g6=Mยฝยฎ^ย,ยฟ=ยนรฝ\ร_รยทยด`<รน\รยผ\รค\ร}\รยค?ย\รค#\รH.รปยฆ\ร\รญ\รg\ร`ย\รจย\รvR\r:\0L=\รง\0\ร\รsรยฟยซ\ร%ยรป~ยฒzรฝรถยรณ\ร=o\รง\รคยต&รฟรท\รซย}vยยพรนJยณ\รกยd\รยomhzh=A:\0ย\0ยย\รNยช!@ยร\รs\ร=\รงรฝรยฒ\รงยผ[3g$\รงยยผรทU\รยณ?_ย6<ยรผ\รย\ร\รt;D?:\0รดAยN\รl\'\รยร`ยฝ<7\ร:ยฃ\รง|0ยยซ\รงยผS\รฌย|fQรฒยฒรฝ;[ยฉยIรฒยง\รJ>|Kรฒยธ\ร\รญP\"รฝ\รจ\0\ร:%ยณยTCย\0ย\รก\\;@\รง6รตยยถwยฒ\รL\รกyยฏยบ\รฉ9.{\รฎยรผรนยฉ\ร\รซ_4รตยฝ\rnยL\ร}Cr\รงรฝMO<g\รยKtJf;ยฉย\0\0รบ#8รจยยรณรพยญยบ+รนรธยทยป\รฏ9รย\รG&รบรบdFK~ยรฑยณรยยณรพ>รน\รDรย\0ยค@ย\รจย\รvR\r:\0รด\รฆ\รฆ\รรดยฎ\รซยฒRp\ร=\รงรฝ\รซยท\รง|k^ยฒWรฒยSยย?ยฟ=ยฟ\รรธ\ร;ยKnย\รช@ยชยข\0ยถCยN\รl\'\รย@รทรดยt\รฎ\รยยยยยตยฏ\รยผรฒยญdรนwรบ\รซ9\รรย;\'[ยยผรต\รรรผy5รธ\รชDr\ร\r\รรบยยย\รจย~t\0\ร:%ยณยTCย\0ยsยฎยsz\รcP=\รง[ย9#yรฟยผ\รคยผWยถยงรท|รยฃ\ร\รรพn\รช%?P=g\ร`+\รจย\รvR\r:\0lย\รย;z\รรป7\รจยรณ-ยฑOรฒ\รฉ7Nย\รoย+ยพย|\รค\ร\รค\รก\'ยย A:\0lFยN\รl\'\รยรยถ\รฉ9\รจรยน\ร$o?<ยยปย\รยผW\ร\รsยพยฅรยณย/ยยยผlรฟ\รฉรนรณKt\รDรฒรยฏ$รทรพยผ\รฉIยi29>ยยรณ\รง\รฅ\ร%ssC\ร\ร\0@S\รจยlf\ร\0\0\ร=\รง\0ย\รs>\รuยฎ}K\'ย\'/\รcรบรพรผ\ร\รรฟXยฒr]รฒร\รฃMOLยฃ9?y(sรยฝ>y\รdย_~R.hz \0\0ย\ร\ร;ยจย\รจ\0รฐlรยตtg\ร\ร\รq=\รงรฝVpย$ยIรพ\รจu\รxKรดยง6&ยฟรท\ร\รครณ?pยบZ\รYw\0Z\รtJf;ยฉย\0\0ยฆ\รยบยฃ\รงยผwรยรผ\รก-\ร\รsยพยฅ\รwJยพรฒรถ\รค\ร}ยงรฟgย\รขยย3ยฎ\รรฟยพ@q&\ร\ร2ยฑdnยฎยค\รtJf;ยฉย\0ยยถ\รs\ร=\รงรฝยปรปยยAย\0\0 \0IDAT\ร\รค}ยซยฆยท\รง|K;รฌยยผรปย\รครยฟย\รฌยฝ\รซp~f\รx<yรงยย\รฎยzยยด\ร\รครธX&ยฎ89ย\รง\ร\รD\ร\ร\0รtยS2\รI5\รจ\0ยดยยsย\ร\รฉ9ยaยk\ร\ร\รรถKรพ\ร_Oรถ\รex?ยณIOmLรพรธยถdรยdยฃยยฝรย\ร\รsรตยฃ0\ร\รจย\รvR\r:\0m\รค\\;@wรดยรทยฏยฉ\ร<ยzqยพรฒMรยผยรปsยtรตรทย?รธzr\รcMOF?:\0#MยN\รl\'\รย\ร&ยsย\รฎ\รจ9\รฏรยฐ{รยทยด\ร\รEยฏM~รปeรยฌยรฟรณยรฐ\ร\รฃ\ร\รข/$ยทยฌozย`รบ\รItJf;ยฉย\0ย6\รsรยยทยยรทJ=\รงรฝยธรป\ร\รคC7Nรตย?\ร\ร+\รจ_?4ยนtaยฒ\ร\ร\ร\ร0LOmLย~1รนรยยn:29>ยยรยf~รย\0ร \ร)ย\รญยค\Zt\0Fยยsย\ร\รฉ9ย&รยตonรทยยรยพ9y\รย-รนM\ร77$oรพ\\รฒรยMOT\รYw\0Fย\0ยย\รNยช!@`T9\รรยย?uยฎ]\รy\รฏJ	รยdรทย\รYยย57\รyfยณยณรยท\รฏN\รรณ\ร\รครถ{ยยยจย ย\รช	\ร)ย\รญยค\Zt\0Fย\รย;z\รรป\รt\รรนรยqHยฒรผรดdfKรพ?}รผ\รฉ\รคwยพย\\รปยยฆ\'Fย~t\0ยช%@ยงdยถยj\รz\รยบยฃ\รงยผยz\รWยฏO6<\รรด4รฟรย{$ย<-y\ร\รsยบรฝ\รฏรพ5ยน`uยฒรพ\รกยฆ\'F\ร\รคยยณ\รช\ร3sVรย\0@ยง\รจย\รvR\r:\0ยฃ@\ร9@\รงรดยFI\รง\ร7ยท\รNรย$ยฟรนยซMO2<ยทรย,รฝรป\รคย4=	0ยยuย*tJf;ยฉย\0ยย9\ร\ร\รง\รรปwรตยบd\รฅ\ร\รคยถ\re\รง\ร\รkรณwยฝ<รนรยซยรยณยยf8\รฎรฟyรฒยkย\ร\รรด$รยยคP:%ยณยTCย@ย\รง\0\รยรทยฏรยรณ-4ยรผรตยยฆยฎยดรย;ยoJ|ยผ\รฉIยยรย@\ร\รจย\รvR\r:\05\รsรยcH.=Q\รy?6รตย\รรถ\รdรยฃ\รฅย\รงยป\รL>qjr\ร!MO2<รยน;9\รซย\ร]5=	\รBรบ\ร(ย\0ยย\รNยช!@ยยยฎรย\ร\รซยณ0ยsย\รญย3;ยน\รชMz\รรปUj\รรนรยผn<รนยณยย\รnzย\รก\รรธLรฒ\รU\ร\รu\รO7=\r\รRรยบP:%ยณยTCย@\รฉยk\รจยs\รญรฝ+ยน\รง|k^pยฒ\รฌรธรคยยฝยยd8ยรยรผ\ร7ย\รฅ\รuยบ(ย ยb\ร)ย\รญยค\Zt\0J%8\รจย\รยผ5รดยoiยย\รg%รย7=\รรฐยฌยป79\รฉoยGยlzยgรย@\รฃ\รจย\รvR\r:\0ยฅ\รs\ร=\รงรฝยซยฅ\รง|kรพยทย%\รฏ?6\รoยทยฆ\'ยGยLรยน>รนรป:\รK?:\0ยยS2\รI5\รจ\0ย\รคย\รซs\รรยตY\Zร9รvรยยยฌxcr\ร~รยฌยยยฆ^5รตยo\รฉ%\รKยพรธยถdรฟยย\รง7&รฟNรฒ_nJย\ร\รรด4\0\ร\รYw\0\Z!@ยงdยถยj\ร(ยs\รญ\0\รqยฎยฝWยฏK>รทรฝยบรยตon\รงย\ร\'NIยฝยค\รฉIย\รง\รฆ\ร\รครทnHรฎยผยฟ\รฉI\0:&H`ยจ\รจย\รvR\r:\0MZยน.\'\\rk.ยtFpรยฟ;\รฎI>ยบ&ยน~ยข\ร\ร|ยรท\รK\รรณ\รdรยMO2ย<ยรผ\ร\ร\'_ยปยซ\รฉI\0zยขยยกยS2\รI5\รจ\04A\ร9@wรดยรทยฏ\รฆยรณ-ยtPrรน\ร\รญ\รฉ=\รรธLรฒยป\ร%\ร|\ร\รฉvยzรบ\รยVtJรย\รฏ\0toยณs\รญ\ร5=@\รฉ6รตยยฑo{^\ZOยย{รยทยด\รฃย\รค7Oรถรยฅ\รฉIยgรขยกยฉ\ร\รs`\รYยฝ>รทยบ,\รซยu\0\ร\ร\ร;ยจย\รจ\0ยยsย\รฎ8\รรยฟ\ร{รยทยดรณ\ร\รคยฌ#ยรฟ\รฃยต\รn-รนB\รรทรพ=รน\ร_KnยlzยยรยรรyยN\รl\'\รย0\รรดยt\รง\รcย\รsยCรทยรทjTzรยทtรผย\รรยพ%ยยตcรย\ร\รgยw5ยนjmรย\0L+รฝ\รจ\0ย\0ยย\รNยช!@`ยบ\รจ9รจยยรณรรธรย\รรฏยฌยฟ\รง|Kรป\รญย|รฒ\รdรพยรถ\รฌ\รu?N\รรฟยตยฉ\รฎ\0-ยยยพ	\ร)ย\รญยค\Zt\0ยฆยยsย\รm\รช9?l\รฏdยย\รญ	Gmยzรยท\รฆ$\รงยพ\"i\ร\รฏ\ร\รฎ,9\รฃoยยตรท5=	รP9\รซ@_\รจย\รvR\r:\0ยยค\รงย;z\รรปยท\รชยฎ\รค\รฃ\รยยรณยญ9รฑย\รค/NIรถรยต\รฉIย\รง\รรซยยซ\ร5=@c\รฉ\0รดDยN\รl\'\รย0รยตtG\รyรฟFยต\รง|Kรป\รฏย\\รฑยd\รกรMO2<ยรปย\รครผย{mzย\ร\รฉGย+tJf;ยฉย\0ย~ยฝ<7\ร:s\รฌ\รGOHย\รWpรย?รนVยฒรผ;ยฃ\รsยพยฅยvL>รผยบ\รครฌยฃย-รนM\รรท\รฏKย|>รนรMOPรฝ\รจ\0tDยN\รรผ\Z\0y\ร\ร\รคl\รก9@g\รฆ\รNnรธ\ร\รง\ร\"<\รฏ\ร\ร\รซยS>ย|\รครย\Z\รญรฐ<I^ยพ_รฒยย\รย\'\ร_ยฏM&\รรด\0รยยณz}\รฎuY\ร/[ยยณย\0ย-รบhK\รญยผ@ย[z\รยบยฃ\รงยผm\รจ9\รรยรถHยฎZ4รตยย6\รรธ\ร\ร$.Xย\รรทX\ร\ร\0M?:\0\ร\รค:%ยณยTCย@ยงรดยt\รง\รcยยทย\ร\รGpรยซยถรดยoiยงย+OM\รxH{^ยรฟรธร\รคuยIzยผ\รฉI\0ยช19>ยยรณ\รง\รฅ\ร%ssC\ร\ร\0P:%ย\รรด\0\0\0ย\รคT;@\รงรดย\ร\ร\รซย\รฅยท\'ยท\รรยฎรฐ<I\ร8$รน\รรฝ\รย?รถ\ร\ร%ย|ยบ\รฉI\0ยช2\รง\'eรยน\ร\รง/oย\รรฒ\รO\รM\0รฐ\\ZรฒยQ\ร:\0\รรยนvย\รรยยยฌxcr\ร\ร\ร.3ย\รงยฝjspย$\รNยฎรฝย\รคWรถlzย\รกรน\รซยต\ร\รฏยฏยรดรYw\0ยxยN\รl\'\รยยฐ5ยsย\รฎ\รจ9\รฏ_{รยท4sFรฒรพcยรฟรดยฒd\รฏ]ยยf8ยพ{Oรฒยป\ร%k\รฏK6nlz\Zย\รช	\รZNยN\รl\'\รยยฐ9=\รง\0\ร\รsรยฟยปMรยทยช}=\รง[รณ\รW$รฐ\รชdรถยฌยฆ\'ยรยJยรพ}รฒย%>ย\ร\รครธX&ยฎ89ย\รง\ร\รD\ร\ร\00<tJf;ยฉย\0ยMรดยtN\รรน`ยดรฝ\\รป\รฆy^รฒยนยท&/\Zkzย\รกx&\ร\'รฟ)รน\รM\รNยทLย\ร\รsรตยฃยดย\0ยย\รNยช!@รยนvย\รฎยฌ8#Y8ยฎ\รงยผยรณgยยฑCr\รฉยS5\03[ยฒS?รฝYยฒ\รครยทรฟยญ\รฉI\0Fยยณ\รฎ\0-\"@ยงdยถยj\ร\รKp\ร=\รงรฝยป\รฃย\รคoiw\รรนยf\รH\รรฒ\ร\รคย&{ยด\รคtรป\รครยรทยฎJยฎรปยฑ\ร\รญ\0C49>ยย%ssยฅ `t	\ร)ย\รญยค\Ztยรถ\รsรยยทยยรทJ=\รงรฝยธรป\ร\รคC7Nรตย?รฐX\รรย\รฅยรย/ยฟยฝ]ยง\ร?v[r\ร-MO\รZย\รฃcยยธ}i\รฆ7=\0ย\'@ยงdยถยj\ร\รE\ร9@\รงรดยยs\รญ\ร6sย\รค\รฃยง&ย^ย\รฌรยรปรถ\ร\รo9ยนรณรพยฆ\'h5g\รFย\0ยย\รNยช!@h\รง\รยบรณย\รฃยงรยต\รซ9\รฏย\ร|รป\รwlรฒรWOuยยทรรยL\รรฒยน\รคยยยยรฟIย0b\รจย\รvR\r:รhยtG\รyรฟรดยw\รฆยป\'ย8%y\รญx{~ยรฐ7\รซย#ยxยธ\รฉI\0รย~tย!@ยงdยถยj\รFยยsย\รฎ\รจ9\รฏรยฆยรณ\ร\รซย\rย4=M\รรถยย\\zbรฒย7=\รรฐ|รนG\ร\รฏยฏJ~รบยณยฆ\'\ร9\รจGยจย\0ยย\รNยช!@=z\ร:ยง\รง|0ยk\รฏ\ร\รSg\ร\รรณkรยย\รฌรยฝยNยnรฟ\รงoz\0:\รยฌ;@\ร\รจย\รvR\r:ร\รจpยฎย;รยตรท\รฏ\รชu\รรยต\รm\รงย:bย\รครยง\'ย\รฎ\รรด$\รรณ\'\รL>ยบ&y\รครยฆ\'ยยtย\n	\ร)ย\รญยค\Ztยรบ	\รยบ#8รฏยยรณ\รรยยรผ\รฉยยทยผยด\รฉIย\รง7$Kยฟยยฌ\ร{P+รฝ\รจ\0ยS2\รI5\รจ\0รต\รs\ร=\รงรฝ\ร\รs~\รOย?\รรด4รตyรฟยผ\รครฝรยถgรฟยx:ยUรฒยรปยยยย\\p`V]{f\รjz\0ยถMยN\รl\'\รย\รi\ร5Yยฑz}Fpยฐ]sf\'WยฝI\รyยฟรดยรท\รง\r%รยฎ\ร\รญ\รฏรป\ร\ร\ร8\ร02ยu(ย\0ยย\รNยช!@ยจยs\รญ\0\รqยฎยฝz\รรปยท\รn\ร_ยย\ร;ย\รฉIย\รง\รฏรพ5รนรยฏO~&<EยtยB	\ร)ย\รญยค\Ztย:\รยบ#8รฏยยรณรรนยญ_M>รธ\รชdรฟรยยd8ยx:Y|mรฒรตรต\รSยยยiยคย0tJf;ยฉย\0ยlz\รยบs\รฌรยฅ\'\รช9\รฏ\ร\รฆ=\รงยรท\รซ\ร_Iรพ\รฌ\รคdยฏ]ยยd8ยรย\\xSรฒ\รงรฟยlรดqย-รดยฃBยN\รl\'\รยยK\ร9@\รง\รฆ\รNVยผ19jยฟdรยMOS/=\รงย5ยพGรฒ\รฉ3ยcรถozย\รกยนz]r\ร*รป\รBรยบ@ยN\รl\'\รยยรยนvย\รฎ8\รรยฟยซ\ร%ยรปยพsรญยยดCยรฟ</y\รฏยซ\รรณยฅยรปKย|>รน\รรฟhz\0\Z$Hhย\0ยย\รNยช!@(\ร\รu9\รกย[sยฑ\รย3ยรณรพ\รqOรฒ\ร5\รรตยรณA[xPรฒยง&{ยท\รคtรปcO%ยผ1Yqย\ร\รญ\0$รย\ร:%ยณยTCย\ร<=\รง\0\ร\รs\ร?=\รง\รkรยยOยย\ร; \ร}ยงยฆยงย+ยฟย\\p\รฃ\ร.รนย	รfรดยฃย\0ยย\รNยช!@h\ร9\รรงยขยkยณ4ยsย\รญ\ร\รs~รยพรยฎ3ยยยฆ^zรยง\รI.]ย,9\"รยน%{รบยฝรปยw_ยรยถยก\รฉI\0(ยยณ\รฎ\0C\"@ยงdยถยj\รยยก\รงย;รยตรทO\รรนpย~Hรฒ\รฉรยยZยฒยงย?ยรผ\รWย\ร~ยฏ\รฉI\0ยจย `ย	\ร)ย\รญยค\Ztย\รก\รsรยsยI\รM\รKp\ร+=\รง\ร36+ยนรฒยดยฉรพรณ-รน\รรย~ย\\xSr\รงรฝMO@EรดยฃL:%ยณยTCย0z\รยบยฃ\รง|0>tcรฒ\ร;รตยรยฎ3ยย^ย,92รยฅ%ยง\รWONยnรฟรฑยMO@ยฅรดยฃย\0ยย\รNยช!@ย~ยยk?ยฎ\รฉY\0Jยทยฉ\รงรผยฐยฝย\รg5=MยฝรดยรยยWยฟ0ยนzQยฒGKรถรถยพย\'\รฏยน!รนรผยMO@\รฅยu :%ยณยTCย0}รดยtG\รyรฟรดย7รฃยยป\'ย}\ร\รรยยถยnรฟ\ร\รฏ\'\รฏ[ย<รดxรย\00\"\รฉ\0 @ยงdยถยj\รรยนvย\รฎ\รจ9รฏยยรณ\รฆ\รฌ:3รน\รฃย\ร;ยhzย\รกรน\รง{ยยณยพยรผ\ร\รฉv\0O?:@รจยยฌ%mg\0รยย^ยย\รง\0ย\รs>รฒยญdรนwรดย7\รฅ\ร}ยWยฝย\รฉ)ยg\รฃ\ร\รคยฏรพ9yร\รs\0ยฆรยย<ย9ยรยยn^ยรดยฃร\รจรฐรตยช\รก:ร`8\รรยน\ร{\รwย)<รฏยยรณรฆยย%?99ยฎE\รงรฟ?รฟ!ยนรผ[รยt\0ยฆยยณ\รฎ\0]รฒยย\รNยช!@\รจย\รย;z\รรปยท\รชยฎ\รค\รฃ\ร\รsรยด]f&WยยยxP{~	รฐ\ร{ยE\ร$<\รรด$\0ยดย ยCtJf;ยฉย\0ย7z\รยบs\รฎ1\ร\รwยฎยฝz\ร\รrรยฏ$;1ยยณGรย\ร\ร$\รฏรนjรฒ\ร\รฏ%O<\รรด4\0ยด\ร\รครธX&รยยย\ร\ร\rMP\":%ยณยTCย\ร==\รง\0ย;รถย\รคยฃ\'$G\รญ+8\รฏยs\รญeyรพnรยรยยผxรยฆ\'ยยง7&รยฟย|\รรยฉ\r\0\rย\\<7\ร/?)4=@i\รจย\รvR\r:@\รงยkรจยยรณรยยg\รฆย\รคcย%Gยถ\รง\รรฟรท\รฏK\รรธรย{\รรด$\0รฐรยบlย\0ยย\รNยช!@\ร>ร9@wรดยรทO\รyยน\รรนย\รคยผW&รป\รฏ\รรด$\รรฑยณ\'ย\รรผBrรณรฟHยทย\0ยGยยฐ:%ยณยTCยยฐmz\รยบยฃ\รงยผw?ยยผoยยรณRยฝoรฒย7\'/ย\รรด$\รรฑรด3รยฅkยKoKยrยบยยฒMยยeรขยยยณxรพยL4=@S\รจย\รvR\r:ร\ร\รฉ9รจยยรณรpยฎยฝl;\รญย|\รขย\รครต%{\รjzย\รกรธ\รก\ร	ยยzย\รฎยฃ#\0ยรยยดย\0ยย\รNยช!@x6\รง\รยบยณ\รขยdรกยธยรณ~\ร\รซรฐรย\'\รOvย\รรด$\รqรยฃ\ร\รฏยฏJยพpgรย\0@รยuZKยN\รl\'\รยLยtG\รyรฟ\รฎยธ\'รน\ร[รดย\ร\รรธยOยย\รฌรย\รรณยง6&รผzรฒ\รฉ;ยnยjย\รฃcยX27W\nรยยถยS2\รI5\รจ@\ร\รฉ9\รจ\ร[M\ร{ยฅยรณ~\รรฝhรฒยกย\ร\ร)8ยฏรย3ยรฟ\รง\r\ร\รk\ร\ร\รรน`r\รรงยยตรฟ\รรด$\00รบรย\รยS2\รI5\รจ@ย\รฉ9รจยยรณรpยฎยฝ.ยณvLรย7uยพ}ยทยยยf8~รผ`รฒยkยยนยฏ\รฉI\0`\ร&ยuFย\0ยย\รNยช!@\รรยนvย\รฎ|\รครธยฉs\รญz\ร{\'8ยฏ\รIย\ร/รนรณSย\รรถnzย\รกx\รจย\รค\รข[ยO}\ร\รฉv\0Fย~t`ยค	\ร)ย\รญยค\ZtยM\รง\0\ร\รs\ร?=\รงรต\ร{\ร\รค\รชE\ร+รถOfยถdรฟยฟรผ\ร\รครฝรฟ_รฒยยยย\0ยฆย~t`$	\ร)ย\รญยค\Ztย\rรดยtG\รyรฟ6รตย_?ย<รฐX\ร\รรย\รyรน\รรตย-รนยรฟoย&\รฏรธ\รฏ\ร?\ร\รรด$\00Tย\รฃcยยธ}i\รฆ7=ร \ร)\รรยฆ\0\0ยฆ\รจ9รฟรฟรยป\รฏ8ยซ\รช;รฟ\รฃยฏ)Lfย\ร0ยHรย(bย$ย$\รfรฃยฆยฏnI6\ร\รฌยd\รรยธรยฆi\รfรยH\รFMb	&*V\รXยฌ\ร\0Cย6ยด\รฉยฟ?Nรธ\รd-s\รฏยนs\ร9รทยผยยยรณ\ร\ร#ย\รฏ\\\ร=\รฏs>oI\รช9{\รs\รu\รญ\รwX]ยฐ}!-\รก9ร?\r\รซ}รณ\\ยย>\r\รซv\รรoยณรยต\รฎย$รตยฎ}\รV\รรนยบยคB\รฅยบvIรย\รซ\รรยปq,\\	\ร7ย\'Y]%|\รง8sLรย\รค\รรฟ<_Yยฏ\รฎยzIย\"e?ยบยค\รรณ\rtรยยงSยaย.ยฉ\รยKRf\รรยณ\รงยผpยยร7Oยยย8%?ยฏ\รฌยรณยซwF=ย$Iยฑa?ยบยค\ร2@Wยยน\ร]ยยค<ยณ\รง\\ย2c\รyx{\ร\\ยรถF=ยraj=\รยยรฐ`\รก*รยฐ\'\รช)$Iยยยuยปiยธbยฃยยฌgรยญ\รงรฑยพยจย$ยฉรธxย\ร7\ร%{\ร%ยฉ\รง\Zรบ\ร\rg\รsย=\รงยg@9\ร~~\รย]\รp\รรณp\รรฝยฐ\รฃ@\ร\รHย[ยฎuยย(ยพยยฎ8รณt*1\ร%%ย\รซ\ร%)3ยฎkรยรณ\รT\\>ยพzBรฐ\รiยฐi/\\รฒXยผ6\รชI$IJยtIย`ยยฎ8รณt*1\ร%%ยรยน$e\ร\ร<<{\ร\รEยรยฟ\รรบG=I~\รจย,ย{\ร\ร~รยณ$Iยยฐ]Rยฌย+\ร<ยJtIIbรยน$ef\ร0ยธรบ${\ร\ร8\รsยพ|#l\รgx^ยยรทย\รรย1ยขย$ยฎ_ยยผ\ร;ยฃยDยยค\รjย=ย\รรถยฃKยt\รYi\รHยThรยนย\รซ\\\ร\\\ร%\รฉ-5รดย\รซ\รงรยย\r\รรยฐ\รงยผรฐ\รVD=Iรพl\รรฟรป<tรบ,ยต$Ia4<ยธยยนยฟ\รzรยบKย\ร3>รยก\รรฐ\rtIq\รงยบvIรย\รซ\รรยปq\รรฒย\รซ\ร\ร`\ร0ยธ\รฉPUรต$รนqยยพรฐรผรธiรฐยซย$I9c?ยบยค\รรฐ\rtรยยงSยaย.)ยฎยฎb\ร\รรธยชรยน$รตยรyx+ยถ\รUยร]M\รงi0m(รผl^ยฐ\ร=\rยบย/-ยkย6WยทKย\ร\รฌGย9tรย+\ร%Iรย=รงยย{\รรยณ\รง<}ยย`รพ$ยจ\รฏรต$รนยณiรยท\รรฐ\\ยยค^รยฐn7\rW,cรยรตรยฑ]ยยคยฟ\รค\รฃJ\ร@ย\'ย\รรยยฎ\รคb\ร%\รฉ-\รฌ9ยRe%QOย\\รถยยง\รรปยฆรWfยงgu{kรยป\ร\รฌ\รชvIยรฒรยต\รฎย\"\รก\รจย3Oยง\ร\0]R\รs.Iยq]{xรถยยง\รร\nยธรน0uHzยพยผรฟl|รฒ>\ร>ย$)\รฉยรฒ\ร\0]q\รฆ\รฉTbยKยย=รงยยยKยงรรผ\ร0~ยรyยถ\รฌ9Oยท\รช2รธรยpรยรดlnx`=|รบ^x~{รยHยยjรถยฃK\รtรยยงSยaย.)\nรถยKRf\รฌ9รย\รย;^ยถ\รง<\ร.ยรยยยยยฃ]ยญp\ร\รญรฐ\รรบยจ\'ย$I\ร<{ย\รญGย\ร[\รgยN%ยยบยค|{รยบรถYQ\ร\"Iqwยฐ\รง|RTยF=Mr\รs.*~t:5\รrO\รฉ\รO\ร7ยM{ยฃยDย$ยฝยk\ร%รต\ZtรยยงSยaย.)_\รฌ9ยยค\ร\รsย=\รง:ยจยช\\}2\\8!\รชIรฒgi3|pl4<ย$)ยฎ\ร%\รฅยยบ\รข\รรยฉ\ร0@ย\ร\ร\\\ร.Iยยฑ\รง<<{\รรตZ%EรฐยฉยรฐOGCEJ69l\ร\รงรฟVยฝ\Zรต$ย$ยฉ\รฌGยย3รจยยณย|%ย$\รฉ\รqK\ร%ยฉg\รฌ9รย\รฏ<\ร=eรยนรพl\\-ยผc\\z\รsย_=kwG=ย$IรชยกยuยปiยธbยฃยยฌgยรฝรจยยคB\รฅ\รฃJ\ร@ย\ร\\\ร.I=wยฐ\รง|Bmรฐยgรยsยฝยรพ}\รยฟ\รยงยยzยรผYรด\n|รผnรยผ/\รชI$IR\\\รซ.)\ร@Wยy:ย\รจยr\ร\ร\\ย2c\รyxย\ร\รยยฐ\รง\\ยฏ\รฏ\รญc\ร[\'\ร\รยพQOยmยรฐร;a\รj\รจ\รจยz\ZIยยAยบยคยฌย+\ร<ยJtIยน`รยน$e\รฆ\รip\รกDรยตยaรยน\รรยผC\รกk\'\รรยชยจ\'รยรถ.รธ\รฌรฝร6ยยฝ\รญQO#Iยr\ร~tI1@Wยy:ย\รจยรยฒ\รง\\ยzn\ร0ยธjLยฉ38\รฃ\รUp\รฅ2{\รรต\รรบรตย[รยiยยฃย$ยmยw\รยญรพLHยTยย\รงO\รฆยบ\รฏย\ร\รงยขDRยผย+\ร<ยJtI\รr]ยป$รตย=\รงยนaรยนzยขรธรปiรฐรฑ\รฉ0ยจ2\รชiรฒc\รรธรยpรฟ:WยทKยTร\\\รซ.\รฉ-ย+\ร<ยJtIย28ยยค\ร\รsย=\รง\ร\รaup\รซyP[รต$รน\ร\รW-ยรฟxยบรผz\'IR\ZยคKzC\รจย3Oยง\ร\0]RO\รs.Iยยฑ\รง<<{รยยฉ\ร\ร`\ร\ร)ยฃยฃย$n~>ยนvยถF=ย$Iรยณ\รฆ\รjย>3ย\ร/ย\ร=Q#)\รgยN%ยยบยคยยฐ\รง\\ยzรยรณ\รp]ยปยฒรฑย\รฃ\รกcGByiรย\รค\รรถ0รฟVxdcรยHยยครย.\รฉรฟ3@Wยy:ย\รจยรย\รซ\ร%)3รยs\รญ9\ร\ร\\\ร:w,|รณ\รคtยญnย\ร\ร\รค\รชvIย\รคZwItรยยงSยaย.\รฉรตยKRf\รฌ9o\รVรธ\รR{รยย\รbรธยฏ3\ร\รฌยฑPยยo\รคOnย,ย\ร;ยฃยDย$\รHsc5M&รณยt)ย\รgยN%ยยบยครยฒ\รง\\ย2c\รyx[รถรฝ\รรถย+[}K\รก\ร3\รก#Sย\รญiยฐ|รผ\ร=รฐรยถยจ\'ย$I1\ร\รXMรยตยง1รฟยธยยขFRรพย+\ร<ยJtI\รs.I=g\รynยธยฎ]ยนp\รฆยธ~^รฐz\Zttร\ร\รwยฎยzIยย\0รถยฃK)cยยฎ8รณt*1\ร%ยนยฎ]ย2รณรตยu\รญรถยg\ร\ร\\ยน2ยฌ?\\รทv8fhzVยทรฟ\รช9รธ\รขRhnยzIยยรถยฃK)bยยฎ8รณt*1รยฅรด28ยยค\ร\รsย=\รงรยตoรยยฟ=<=_\ร7รฎยยท\รkvE=ย$IJ รปรยฅ0@Wยy:ย\รจRรบ\รs.Iยy\รงxรธรธt{\ร\รรยฒ. \รจ9\รy \รชiT(\รฆOยยฏย5\รฅQOย]\รpรฑ\"ยธรตรยจ\'ย$I	\ร\รXM\ร\รs\\รยH\ร=tรยยงSยaย.ยฅย=\รงย\รsรถย\รงย\รซ\ร\ร\Zยช\รg\ร\รกรตQOย?รฟรฝ|q	\รฌnยzIยT\0\\\รซ.(tรยยงSยaย.ยฅย\รซ\ร%)3ยฎk\รฏ\รUยฐp%,\รdpยฎรยช,ยoยNLรย\รฏ\ร6รรป\รฏย\รฆ=QO\"Iย\nยAยบT`\รgยN%ยยบT\ร\ร%)3\รง\รก\รsยฎ\ร6{\\{Zรฐz\Ztu\ร?\ร\rยฟz\ร;ยฃยFย$(รปรยฅaยยฎ8รณt*1รยฅ\รdรยน$eรยรณรฐรถย?ยธ6\รญยz\Zยชยฉย\รกยงรยรยจ\'รย\ร.รธรฑSรฐยตe\ร\รรต4ย$)ยgย`รฑยญ\รงรฑยพยจยยtรยยงSยaย.{\ร%ยฉ\รง\รฌ9\ร\r{รยยฅA\รฏรนย#\รรณยฅรป\รฉยญp\รรฟ\ร~ยฎ$IRรพยธ\ร]J0tรยยงSยaย.รยตKRf\\\รย=\รงรยงยร\รงgร\รยพQOย{\ร\รยฃยยป\ร@ยยซ\ร%IRรพยคK	dยยฎ8รณt*1รยฅ\รค38ยยค\รยยgรยนรฒm\ร\0ยธ\รญ<\ร?\รชIรฒยฃยณยพรท8|รน\รก\รยฏ%Iย\"d?ยบย \รจย3Oยง\ร\0]J.{\ร%)33ยร\ร\'\รs\รรยรณ\รฅa\ร>\รs\รฅGยรธรยฌ\รรย\รชรฒยจยงรย{\รรยฟ\รk[รยฏlย$)&\รฌGยร\0]q\รฆ\รฉTbยK\รt\ร\ร\\รฟ\รz\รฆbp.Ioยฉยก?\รpยถ=\รงa\รsยฎยจ|\รขรธ\รคยจ,ยzยรผhiยยnย\รE=ย$I\รรฟ\รกZw)\รฆ\รgยN%ยยบย,ยฎkยยครยธยฎ=<{\รยฅ	ย\รยถwA}Jz\ร;ยป\รก\รย<	ยฎnย$Iรฑeย.รยยบ\รข\รรยฉ\ร0@ยยa\รก*\รฆ\\ยฑยยฏ\ZยKR\รยยยทb+\\รต\ร\รdpยฎhย\รรทNย&ยค\รง\รงรธรน\รญรฐยทwย$IJ\0รปรยฅย1@Wยy:ย\รจRยผ\รs.Iยยฑ\รง<<{\รe%p\รaรฐ\รฅ\รฃยกoยยจยงรย[\รกยณรท\รC\รQO\"Iยย1รปรยฅย0@Wยy:ย\รจR|]r_^ยธยย18ยยคยท\ร\รยฎยS\รชย\รMรยฑ\รง\\q1ยฆ\รฎยผ0=ยซรยปยบ\รกยฒรป\ร\รOG=ย$IR\ร\\\รซ.รยยบ\รข\รรยฉ\ร0@ย\รขรยsIรย\รซ\รรยปq\รรฒ<ยธ\ร\ร\\\รT	?>f7@iJ~ยฆยฝย\รk[ยขยDย$Pรยบยณ\0\0 \0IDAT)4ยt)B\รจย3Oยง\ร\0]ย{\ร%)3ยNยรนยaรผ@ยรณl\รsยฎ8รบ\รqรฐยGCqJยพYo\รg\รd\รฏยน$I*8รถยฃK0@WยยF=ย$)9\รฌ9ยยค\ร\รsยย?\0wยผlรยน\รขeT\r\รยยรฐย\รญยปZยฃยBย$)\รง\Z\ร\รญยฆ\รกยeยZยฒย9รถยฃKยRรดU_I\รง\รจRยด^ยณยฎ}VรยณHR\ร\รฌ9ยTย>ยฒย5{\รWยรบรยตยงรยฉยฃยฃย$~รนรผ\รซรฝยฐรฝ@รยHย$รต*รยบKy\รข\รจย3Oยง\ร\0]ยย=รงยย{\รรยณ\รง\\qVZ_=>xDz\ร>_ยณ\รuยผยฒ+\รชI$Iยรฒ\ร ]\รชe\รจย3Oยง\ร\0]\ร/{\ร%)3รถยยgรยนย`รบPรธรฑ0ยบ&\รชIรฒ\รงKK\รย\'ยกรยKIยย>รถยฃKยฝ\ร\0]q\รฆ\รฉTbยKรนs\รu,18ยยคยยฑ\รง<7\รฌ9Wรย\ร\rgรq#ยขย$?ยบยบ\รกรพuรฐยEยฐ\ร\ร\รญย$)รยgย`ยฑรฝ\รจR\รฎย+\ร<ยJtยฉรทยนยฎ]ยz\รฎ`\รรนยZยจ(5<รย=\รงJย/รยKยJ\ร\รชรถ=m0\รฃzรยธ7\รชI$Iยbรยต\รฎRย+\ร<ยJtยฉรทยKRf\รฌ9oรฑZรธรรถย+9\รยยcD=I~\รฌ\รฏยยผnรยQIยยคยฟbย.\รฅยยบ\รข\รรยฉ\ร0@ยroI3ยฃ>รถ\ZยKR\ร\รsย=\รงJยข\รกรฝ\รกg\รยยฃย$รพรปยธ\รฌ>h\รฏยzIยยครยฒ]\nร\0]q\รฆ\รฉTbยKยนeรยน$รตรยap\รยRgp\รwยรซยยฒ\รง\\\รR\\รฟ2>:j+ยขย&?vยทร\รฉรฟ/lz\ร%Iยรดยฆ\รฌGยยฒ`ยยฎ8รณt*1รยฅ\รp]ยป$รตย=\รงยนaรยนย\รฌรยฑรฐ\รSยกยช,\รชIรฒc|b1รผrรธ\rLย$ยฉ\ร\\\รซ.e\ร\0]q\รฆ\รฉTbยK\รกยKRf\รฌ9รยs%\ร!5p\รฃยนAmC\Zt\ร<_\\\รญยQO#IยยH\รฉRย+\ร<ยJt);รถยKRf.ยNยรยรยณeรยน\nAq\\u\"ยผo\nรด)ยzยรผhnยรนยทร\ร[ยฃยDย$)รฑยยซiรบ\รL>ยฟ`2รทD=ยG\รจย3Oยง\ร\0]รย=\รงย\รsรถย\รงย\รซ\รU(\ร1ยพsrzVยท\รฏ8\0\\รทยฎuuยป$IR5รย\รu\ร?ย\รE=ย7\รจย3Oยง\ร\0]\รช9รยตKRfยฎ?\รฆ6\รsยรยน\n\ร\ร~รฐ\รypรยฐt|i\รฎยพยพรพรณ1WยทKย$รตรยบKยฏ\ร\0]q\รฆ\รฉTbยKo\ร\ร\\ย2c\รyx+ยถรยย\รsยฎ\รQR\ร;\ร5\รRยฒยบ}รนFรธ\รค\รข\รIย$รตย\รฆ\รjยL\รฆ\'\รฉยยบ\รข\รรยฉ\ร0@ยรย=รงยย{\ร\รรยฒ/\ร\รฌ9Wยกyรท$รธรพ)\รฉรนl\ร\ร\n\รฏยฝยmยzIยยค\รhnยฌยฆ\รฉ\รรย\\MQ#E\ร\0]qV\Zรต\0ยยคp\รฌ9ยยคยยณ\รง<7\\รยฎB5ยครย\ร)ยบยรณยปยยกยน%\รช)$IยRยฅa\รn\Zรยบย%รถยฃKR<ยฅรจยถยย\ร7รยฅยฟ\รคยบvIรย=\รง\รกยยซยUยรยsรยฝยยขย$n	>ul\รรต$ย$Iยฉe?ยบR\ร7\รgยN%ยยบ08ยยค\ร\รsย=\รง*t%Ep\รฎxยธรถ\รรดรดยo\รรณoย\ร7E=ย$Iยยฐ])dยยฎ8รณt*1รยvรถยKRf\ร9>>รยรณ0ยถ\รฌย\รz\รwยz\ZยฉรทL\Zรยฝ\รยยด\ร\รรน\รrรธรยฃยฐรยb$Iยรขยคยนยฑยยฆยง/รฆยธยจยzยยบ\รข\รรยฉ\ร0@Wย\รs.I=g\รynยธยฎ]iรยฟ|\รงยรยกย4\รจ\รwltuยป$IRยน\ร]ยฉ`ยยฎ8รณt*1รยFยฎkยยค\ร|รฝย`]ยป=\รง\ร38W\ร\ร?ยยยรยยถNรธ\ร]p\รรณQO\"Iยยคยท`ยยฎยfยยฎ8รณt*1รย&รงยย{\รรยณ\รง\\itรฒ(รธ\รca\รรยจ\'รยO\รWรยพรถยจ\'ย$IRรยยฎยdยยฎ8รณt*1รยรถยKRf\รฌ9\รฏ`\รรนย\รซaยรซยย\"รต}ย\รรณ\รฃRt\รรตยฟ\ร\ร\'รฎยยฝย\รงย$II\ร<{ยo=ยรทE=ยยรจยยณรยจย$\รฌ9ยยคยยณ\รง<7\\รยฎ4;ยพ\รยzยรผi\รฏยE/CkgรยHย$)K\rยฎg\รฎรoยณรยต\รฎยรยป|ยผCย\รก\รจ*Tยฎkยยครยธยฎ=ยผWรรยยฐ|ยรยนรยฉยฑ\n\รฎยยตQOย\รญ]รฐย\ร7ย.ยฟVIยbยคยฌยฆยG7F=ยย8รถยฃ+รฑ|]q\รฆ\รฉTbยยซ\รยKRf\รรยณ\รง\\ยยรพรฐ?รณ`zยz\รรต<\\zยดรนรถยน$)bU\รฅ0{=\Zยชรกยย0ยฐ\ร\รฏยK~5G=ยกย8รถยฃ+ยฑ\รgยN%ยยบ\nย=รงยยย\ร\ร\รชย\รฌ9\รฃ`\รรนรฒยยฐiย\รกยน\ร\รญย3\ร#Sยกยฎ2\รชIรฒ\รฃ\รรฝยฐ\รVรธ\รฃ\รจ\รจยz\ZIR\ร\รซยงยยIยตpd=>ยช\ร\รรธยฟp\\ยน\ร\รฎ\รรยRยกยฐ]ยcยยฎ8รณt*1\รUรยนย\รซ\\\ร\\\ร%\รฉ-5รดยรยถ\รง<,{รยฅ?;f8,<+=\รกyG|\รฎ!รธรยยฎnย$รตยพรฒย\\3ยย^ยฆ\รรรฐjยจ,\รรผ\รu\รฅ#A\รฅยAยบยรยบ+Q\รgยN%ยยบย\รuรญยยรยตยgรยนรดย*K\รกยงรณ`Vรด\รซรต4รนq\ร\รรฐยE\ร\รช\รชvIR/ยจ*รยฑO\Z\รฆAm9รด)\รรยฟmรผb%\\ยฑ,7รฟ>)Eรย\รจย3Oยง\ร\0]Idp.Iย18รยs\รฉรตรฝรณtยธl&ยgรฑ\\=ยป\r>รฟ,nยzIR\รยผย<ยธ/ย5ยฆย\ร\รซaX_ยจ)\รฏรฝ\รซรถยต-รถยฃKYยฒ]ยฑfยยฎ8รณt*1รย$รถยKRf\รฌ9รยsรฉยย>\Zยฎ9\rjSยฒยบรฝ@\\z7\รรผ|รยHยยยจยธJKยkรดYรยยฐ|b-\รรตยย2ย*\รฏpยญยปย5รป\รK\รจย3Oยง\ร\0]Iq\ร]|y\รกJ.\ร\ร\\ย\รRCยธ~LยฉยยฒยญzL#{รยฅ7VZ?:\รipw|\รฆ>Xยฝ3\รชI$IIP[รผ9c8=ยฆยqยตรยตz\รฏ4Hยยฒ\รขZwรยยบ\รข\รรยฉ\ร0@Wรยนยฎ]ย2\รฃยบรถรฐn\\ยทยผ\รยบv\รฉยTย\รย>k*RยฒยบรฝยฑMรฐรE\รdยจ Izยฅ\ร0ยฐรบรทยย\ร\รกยz8z(L\Ztย\'ยรฝ\รจR\ร\ร\รจย3Oยง\ร\0]qยตpsยฎX\รW\r\ร%ยฉg\ร\ร[ยฑยฎz\รฎj28ย\รHp\ร0รธ\รก\รฉ0ยบ&\รชiรฒ\รฃ\รรฝรฐ\ร{\รกรยยรยฏOย$ยยผj\รaB-Lยฌย\รฉz\ร|xUรฐยYรยญmยยณoรฒmt)รถยฃ+r\รจย3Oยง\ร\0]qcรยน$eรยรณรฐ\รฌ9ยznh?ยธรฑ8ยผยSรฒยs\รฃ*รธรดยฝ\ร\รรต$ยยคยจ:\0รบรยฑ\r0ยค/98ยจK\Z\รรบpeยkรยฅยฌรยยฎ\รย+\ร<ยJt\ร\รkรยตรยzIยยปย=\รงย\รช\n\รฃ-ยยจ\รs.รต\\e)|z&รผ\รรดรด|\รฉ}zkยฐยบรฝ\รQO\"Iรย~}`TMรฐรป\ร;\รC}eยฐue\ร\0ยจ)O\รงCยซW>\รขZw)ยฎuW$\รgยN%ยยบ\รขรยsIรย\รซ\รรยณ\รง\\\ร\รQC\รGยง\รรยQOยย]รฐยฉ{\รก7/รยQO#I\รช-รยร|\รฌ@ยธ\รจ0\รจ\รชยQ\ร0ยจ/รยย9Dร~t)k\รฉ\ร+tรยยงSยaยยฎ(\รs.Iยยนt\Zรย\รฃ\Zยgรยs);รยซ\รยS\รก\รรยจ\'รยo-ยo=-mQO\"Iรย\รข\"ยจ\รซG\ร\ร\ร\รก0\รฏP\ร\รCรบAmEรฐรถยน\ร\รC\รซ\รยยป]\รซ.eร~t\รฅยยบ\รข\รรยฉ\ร0@W\รฌ9ยยค\ร\รsยย?\0wยผlรยนยยฉย\ร\ร\รรณyยรC\Z<ยฑ\รy\รฌ2<ยยคDยซ(ย150f\0ยzย0\ร:ยกยบยรถยzยบdยณ]รยรฝ\รจ\รชU\รจย3Oยง\ร\0]รนfรยน$รต\รรยรณ	ยตร\ร?\รรณ\รฌ\รs.ยs\รhรธ\รฆ\\hยฌยzยรผ\รจ\รฌยยผ~รต<ยดwF=ย$)5\รฅAX>a ย=ยฆยยร?ยซ,ยvยถBe?ยบยรยบยซ\รย+\ร<ยJt\รฅย=รงยย{\ร\ร[ยผ~รฐย=\รงRuยรฐรป`Lยz\รรธTยธยบ]ย\รขoH?;\0&\รรย\ร0ยพJยย\"\รจ\รฃ5t\รรย.e\ร ]9gยยฎ8รณt*1\ร\ร\ร\\\ร.Iยยฑ\รง<<{รยฅ\ร()ยยยiยนรณ\รขvx\รงoยยน%\รชI$Iยญ8ยฌU\รรยฃ\ร\รq0ยค/ย7cยยฝvยยรฝ\รจR\ร\รฌGW\รย+\ร<ยJtรตยฆ#ยฎcยรยน$รตรยap\รยRgp\รwยรซยยฒ\รง\\รยย	ยยiยฐยง\r.ยบ\รรด\รฃJยยขU[lc\ZYรงยยรยกยฎ\"ยธV\รฎ\รฎN\ร\ร]Id?ยบย5รป\รยยบ\รข\รรยฉ\ร0@Wop]ยป$รตย=\รงยนaรยนย[Sร/รย)\รช=ยฟr|รณยฑ`ยยป$)ยฟยย`duยฐยรฝยจรp\ร\ร\รยฎยรฒ\รย)ย\รฌGยยฒ\รขZwยbยยฎ8รณt*1รยKรงยย{\รรยณ\รง\\รยฝยbยธรฒDยธp\"TยE=M~ยผยผรพ\รฆ6xnGรฐVยฃ$ยฉwยรยฑรยร|\รชx\รรฐ`5{Z~\รIรปรยฅยฌยค++\รจย3Oยง\ร\0]ยน`รยน$e\รฆ\รiA05yยรyยถ\รฌ9ยz\รI#\รก\รงgA\ร>QOย-mรฐยฉ{\รกย\รE=ย$ยฎรรฝ`N#4Vรยดยก0u0ยฌย\รรยจ\'Sยพรย.eยญยนยฑยยฆ\ร\ร\รครณ&sO\ร\ร(รพ\รgยN%ยยบรยฒ\รง\\ยzรยรณ\รp]ยป\ร{ยoยยยผยงยครทยผยซ>ยฑnX	ยฎnยยคย3รฆยยยรฝ\รก\รจยกรย\รฅรปรยฅย\รงO\รฆยบ\รฏย\ร\รงยขDรฑfยยฎ8รณt*1รย-รยตKR\ร\รsย\รงR\รฏ*.ย\รฏรย\'ยซu\ร`\รฅVรธยป;\รกรน\รญQO\"I\รU1NlยQ\รpB#4VCYIรย)\ร\รฌGยยฒ\รขZwยฝ%tรยยงSยaยยฎLยKRf\รฌ9รยs)?.ย	ย\rรฝRยฒยบ}O;ยผรฝWรฐ\รรยจ\'ยยคdยฉยญย\rp\ร`ย2ยu^\รซ*sรถยฃKY3H\ร2@Wยy:ย\รจ\รช){\ร%)3รถยยยทe|rยฑ=\รงR>\รW\รm\รงย2รยรธ\รrรธรบ2WยทKรย).ย\รกรฝa\รฆ0ย\ร\0รยร\รจ\Zยจ)รพยยรถยฃKYknยฌยฆ\รฉ\รรย\\MQยฃx0@Wยy:ย\รจ\รช	{\ร%ยฉ\รง\รฌ9\ร\rรยตKรนS[?:Nยย\รรญยทยฝย{ยยผQ/Iยกยดg\nka\รชPTUeQOยฆ4ยฐ]รยรฝ\รจรบรฟ\รgยN%ยยบรย\รซ\ร%)3รยs\รญ9\ร\ร\\รยฟ<รธยย7	ย[`ร\รญรฐรยยจ\'ยยค\รจรย\รc\รรฐ:ย:ยฉยยPY\ZรตdJ3รปรยฅยฌยธ\ร]ยยบ\รข\รรยฉ\ร0@\ร\รซ18ยยค\ร\รsรยยญรฐยฅยฅรถยKรน6yรผ\รt8ยผ>\รชIรฒ\รงยชG\รยOรรถรฝQO\"IรนwD=3<x\รรผ\รร0ยข\nรทยz*\รฉรฟยฒ]\รZsc5M&รณยรดt2@Wยy:ย\รจz-{\ร%)3\รฏยn\รy[รถร\รฅ=\รง;D=ยย.*\ร{ยงรยผCยฃย$รพยฐ>รถ{\ร\รฎรงยยครยฏรถwรย#ย\ร|R1ยญยยฒยยจยงยz\ร~t)kรย\ร4=}1\รE=ยรฒ\ร\0]q\รฆ\รฉTbย\รซ {\ร%ยฉ\รง\รฌ9\ร\rรยตK\ร)-ย/>JSยคยผยธ.รผ-ยฌ\รรต$ยย{\รe\ร\ร\r\รฏยยรปรq\รa\ร ยจยซรฐzUยร~t)+ยฎuO!tรยยงSยaย.รยตKRfยพ~Bยฐยฎรยรณ\รฌยK\ร;jรผ\ร0f@รย\รค\รยร5O@[gรยHR8ยฅ\รAwyu9ยผkยยฌย\รuAยPM9{gR\ร~t)+\รฉ)bยยฎ8รณt*1\ร\ร\ร\ร\\ย2c\รyxรถยKรฑP]?ยยณยฃย$?ยบยบรกยยรฐยย`ยยซ\ร%%P}eยฐ-dd5,ย\rรฝaXhยฌยรพeQO\'\รฅยรฝ\รจR\ร\รฌGOtรยยงSยaยย>รถยKRf\รฌ9\รฏ`\รรนย\รซa\รรยจยงยtรพยธr\รVD=I~l\รรฝ=,i\รtIยยณ\รb\รรบ\ร1\ร\รก]cadMรฐfรนร\nยจ,ยzB)>ยฎย+ยยน\ร]รยรฝ\รจ\ร\0]q\รฆ\รฉTbยยงย=\รงย\รsรถย\รงย\รซรยฅxยน`\"|a4TE=I~\รฌ\รฏยรท\รรทยฏยV?ย$\รPy	ยยจยQ\รp\ร8f(tรฟ\รฉ\รVAยบยค7g?ยบยรยบ(tรยยงSยaยยยฎkยยครยธยฎ=ยผW7ยฑยo28ยรขยขยช]ย\rยzยรผยนรณx\ร\รญ\ร\รรต$ยยจ\รฏ\\cยยจ\nรยฑOย\รฅ\ร\รP[รตtRยฒรย.e\ร ยฝรย+\ร<ยJรด\รfp.Iย18รยs)ยยย\รย\ร\รกยฃรย7\Z\ร`\รฃรธยปEรฐ\รจFWยทKยรยยช\ร\รr\ร ยธ`ยยช	h*)รฒzS\รช\rk[ยยต\รฎWF=ยย8รถยฃtรยยงSยaย^ย\รฌ9ยยค\ร\รs\รรยรณ\รฅaยยซยฅรย>n~TยG=I~\รฌ\รฏย\ร>\0\ร?ยฌBยยค|\รจS#ยซ\รรยp\ร8k,4รดb*ยผย-\รฅยรฝ\รจRรยgย`รฑยญ\รงรฑยพยจQv\รgยN%ยz\รก9\รงfยฎp=s18ยยคยท\ร\รn8รยรณยฐ\รฌ9ย\รขmX?รธยฏยทรยฌ\รกQOย\รรยทย\ร7ย\ร\รรถยจยงยTรยช\รaรผย\รยรฒยI0ยซยยยนยยญยฎn\ร\ร\nรถ$cj\รรณ\0\\oยฐ]รยk\ร\ร\0]q\รฆ\รฉTbยรยตKRf\\\รย=\รงRรผร\'รรปยยฒยยจยงรยรต-ยฐ\ร6xzkรยH*$ยฅ\รรรบรตยบ\nย9<\ร`t\รจย`ยปFk\'ยดยด\ร3\ร\รยยยรฐรผรน\รญยฐfWยฐ\รชรฟรฐรรฐรยรฐ6\รฏรดdmmรผbยฅรฝ\รจR\ร\ร\0]q\รฆ\รฉTbย\'ยรยน$e\ร\ร<<{รยฅ\รคX0ยพv\"Tยง$\ร\ร\ร\รฏยบ\ร\รจ\รชvIรกยยร\รค:\รจ\ร\รฆOยช0\Zยชยยฒ4\รชรยtรทB{\',]?}6xcรยฎ\รยฐรฝopm=ยบ\nLย3\รรauรนยยทยยฌmยK~5G=ยย8รถยฃ\'ยยบ\รข\รรยฉ\ร0@O.{\ร%)33ยร\ร\'\รs\รk{\ร7\รญ3<ยรขยฎยขรพgย6*=ยฝยปรทยฏยK\รฏ\nBI\รDUย1รบรถยรณ\รรยธZยจยญH\รรถรตยรถ.hnยยถNรธ\รKp\รร\รง\รaรปย\ร\ร31ยปL\nยtรยบg\ร~t)kรถยฃ\'ยยบ\รข\รรยฉ\ร0@O&{\ร%ยฉ\รง\Zรบ\รรตรณ`Jยฝ7@รยฐ\รง\\Jยรพeรฐ\ร\ร=\รรณรยทx-\\v?ยผยธ=\รชI$\ร]รยต\รกยFY\ร\ร\รจ\Zยจ)รทAKยยณยฟ#eWรฏยยยยยฅ\ร\ร\ร\r\รรยฐยฃ:ยปrรณรย\รยฌu?ยฌ\ร =รปรยฅยฌยธ\ร=\รฆ\รgยN%ยzยฒยธยฎ]ย2\รฃยบรถรฐn\\ยผ)\รฃยบv)Yรย\0?8-=ย}:\รยฟยG6D=ยยค8*+ยcยรยฌ0v Y\\ยยฆ\รค3RยฝgW+<ยณV\รฏย\ร\ร;ยยฝO	\รฌ8รยปรฟ\รญ\รฅp\รฆยกpรตย`sยยฒc?ยบย5ยรดย2@Wยy:ย\รจรยฐpsยฎX\รW\r\ร%ยฉg\ร\ร[ยฑยฎz\รฎj28ยยf\ร\0รธ\ร\รฉ0mHzVยท_รท|}l\รรต$ยรขยยชยoยยฃยรยยบ <P\ร)รนLT\รฏ\รจ\รฌยบรยvร\ร\รรทยซยกy\รฌj\ร0\รฏ\ร\รฃ-ยถQ5p\รHรธรดยฑ0ยธoรพรพยปยlmย}ยoยฃKYยฐ=f\รgยN%ยzยผ\รs.Iยยฑ\รง<<{รยฅ\รคยป\รฆ4xรฏยคยจยงรย\ร;\รก\รญ7ร\รฆยฝQO\")*c\รรย\ร\รC\รยจ!pรยย\ร\\\ncยผยดรยทร\รMยฐh5l\ร\รZ\ร\รยต\รฅ0{\\=\รรยผยทยธ\ร]รยรฝ\รจ1aยยฎ8รณt*1\ร\รฃรซยยปรธรฒรย\\ยรยน$ยฝยฅย=\รงยรชยยฒ4\รชiยรยs)รน>t$รผรปรฑ\ร7%ยย:`รmAรฟยนยคt(/ย\รu0cxรฐfรนยรต\รP\รฅ5ย\ร\ร\ร\nOoยW+ยฝ\รรผZnยUยgรฝรฝย\ร\รQย\รงรนp\รฅ#ยฎuยยฒ\รZรท0@Wยy:ย\รจรฑcรยน$e\รu\รญ\รก\รs.ย	ยตรฐ\รyรย\ร\รขย\ร\รก\รชGยยท%ยฆยชยฒ`รปยย0~Lยฌยรยย\ร\\\รV{ยฌ\รM-\รช/Vรฏยยฝ\รญQOรถยยชย>\Z\ร~ยจรyยพรย.e\ร =B\รจย3Oยง\ร\0=>\รฌ9ยยค\ร\\:\r\รฆOยรฑ\rรยณeรยนT8รบรตยรฟ:\ร8$\รชIรฒ\รงย&รธ\ร\รฏa\รซรพยจ\'ยยoยฆ\r\รญ\รงย\ร2ยR\รรปAMยน\ร{\n\รง@ยฌ\รยซยถ\รรฒMรฐ\ร:รยฐ\'\ร\รรรถย\ร\รC\รซ\รยยป]\รซ.eร~รดย+\ร<ยJรด\รจ\รs.Iยยฑ\รง<7.\0\รฎxรยsยฉPย>\ZรพรณTยย\รฌ]]p\รรฐย5\ร\รรต4ยยฒQ\\e\รp\รชhยXย\รรยคAP\รj\รร{ยฟ\ncW[ย?ยนยmยwรยรย\รงqg\รy|รย.e\ร~รด<2@Wยy:ย\รจ\รzรยบรถYQ\ร\"Iqwยฐ\รง|B-รด+ยzย\รคยฒ\รง\\*<3ยรยตยงรยยยจ\'รย\รรธรยฃpรยยฐ?ยยซv%รฝ_%\รP]\รรYcad\rLยญยยฑยต0ยขยฆK\ร\รช&\รจ.ยฟยฌ\ร\rยoยuยปยรพรฒยฎ\รฆยฏu\ร`รธ\รT{\ร\รฃ\ร~t)+ยฎu\รtรยยงSยaย\r{\ร%)3รถยยยทx-รผ\ร	{รยฅBรยฏ~s>Lรต$รนรณ\ร:ยธ\ร\ร HยO\รฅ%P]}รปรยป\'ย\รฅSยยยช|R!ยตuรยฃ\รก\รกfxa<ยณ6\รฏ\rรณยคยฒ\รง<y\รฌGยยฒfย\ร\ร\รgยN%ยz~ยนยฎ]ย2c\รyxรถยKย\รญc\ร\รรยกยฎ2\รชIรฒ\รฃ\รรฝรฐยEยฐยค:รถVยกTรยชรยz\ร\ร\ร)ยฃaR-ยยฎยย*ยจ,ยz:%]K<ยด\ร+ยถ\รy\0ยบ\n\รยย=\รง\รg?ยบย5รป\ร{ยยบ\รข\รรยฉ\ร0@รย#ยฎcยรยน$รตย=\รงยนรฑย\รรกยบยง\รฌ9ย\n\ร\รZยธ\รฃย\ร\ร\ร4h\รซย//ยkย(ย\รDJยฒ1ยO1;ยkย\ร`h?\รรบยD=ยยn\ร>รธ\รjXยต#\'_\รย\รจยรยรณ\รc?ยบย5รป\รs\ร\0]q\รฆ\รฉTbยรท>รยตKRรยฝยถรงยผยข\รรฐ<[รถยKยยฏยขยพ~\"\\0รบรตยzยรผรธ\รฅsรฐ\รฏรยฆยฝQO\"ยฅKยฟ>0ยฒ:Xยฝ~\รX8ยค\Z\ร\ร\รรผยช)รทzM\รกยดuรยชmยฐlcรฐfรนS[aรฝn\ร_รรยฐjรกยยง\รs^ยจ\รฌGยยฒ\รขZรท2@Wยy:ย\รจยฝ\ร\ร\\รยฏยรย~ยฌ%ย=\รง\รก\รs.ยฅ\ร\รฅยณ\รรยฃย<%ยซยยท\รญยรนยท\รรฒMQO\"ยพยรฒ`ยญรด\รรรฐยqรยงยยญยPSรถ\รง\รซn){\รa\รzxl#รผq3ยฌz^=\0\รญยQO\รรป\รฌ9Oรปรยฅยฌยค\รงยยบ\รข\รรยฉ\ร0@\ร={รยฅรยซ\รฏe\ร0ยช\Z&\r\n~mxยฌรพYqQpยข\รu\0^\ร\r\รmย\r-ยฐ~Op\ร}Wยซยb\\]:\r.ย\รจยบรถ0\รฌ9ย\รรฅยธย`[GmJz\ร;ยบ\รย\รฎ	ยถkยธยบ]รยญ\รข\"T	G\ร\ร1\ร\ร\รฌqยฐยฟ\rยยผรยฟ,\รช	ยt[รถ\ร\รฏ^ย\รฅ\รก\รฉ-รยยญ\ร\รรตdรน3ยด\รc\รy\Zรย.eยญยนยฑยยฆ\ร\ร\รครณ&sO\ร\ร$ยยบ\รข\รรยฉ\ร0@\ร-{รยฅรยจ\รฏu}\รกยผqp\ร$\รจรชยยพยฅPW	ยฅYยฌยญAยฐรธ\รfxb3<ยท=\ร[SรฐยCย\รWรย)u\รงaยธยฎ]Jย\รbรธ\รก\รฉร[ยก\ร)รน\รฆรน\รจFรธรยยฐรย\รRhรฝ\ร`d2\0N\rsF@{ยยฏยz2%]Wwรฐ\ร\รk`รยซยฐr[รฐย\รงยถรฝยฐยณ5ยย\ร\รฌ9\รAรถยฃKYkย?ย\รซยพ*ยยzย$1@Wยy:ย\รจยน\รกยบv)ยผยพยฅ0~|รฑ8P\รรบรยย\ร	:ยป`i3รผ\รฆExh=4รฏยยฝ\รญยนรฟ\รฏ\รจรต\รsย\รงRรบTย\รGยงรยงgยยiยฐl\\v?<ยต%\รชIยคdยชยฏย\ร0n ย3f7@Uยน7ยฎN7รยยฏ\"\รย`รย\รsรบ\ร\รญร\รชjยทยยธยฎ]ยฏ\รฏk\ร7ยz\n)q\\\รซย!tรยยงSยaยยรยนย\รงMยwย\รF\รGยฐยรถยฑMรฐ\รUpOSยฆยทรนfzยฏยฑ\รง<<{รยฅรด:ยฌรพp!รด\รญรต$รน\ร\ร\\ยฟ})\รชIยค\รค8d\0\รฏ\ร-ย<ย\ร7%รยจรทยดw\ร\รฎยถ`ย\รรยย=mรฐ\รคย`%{K[ยจ+`pยฎ7\ร\ร\r/\รญ~ยยพรทx\ร\รHยcย\รC\รจย3Oยง\ร\0=;รถยKยนรฑย\ร\รกย	รย\ร}\"Sยปย\ร{รกยยAยยพhuยดรณ\Z{\ร\รรยฒ>ยนรยs)ยญยรถยรฟ>fย\รขย|ยรพb%|elhยz)ยรบรต	ยบ\ร+K\รก\รp\รฎ\ร\รJยขยLIยทยง=\ร\รรยด~ยน2\รจ-y\'ยฌoqs\รยฑ\รง\\ยhiย;V\รยพ\รงI\รHsc5Mรย\รรผ\รฃ\Zhยzย82@Wยy:ยรจยยณ\รง\\\no\รฆpรธรพยฉpHM<รป[รทwร[\รรพยตรฐ\ร?ยฏ\รฌ\รsยยฎkยรดรย\รรฝGยค\รง\ร\รฆรบยwย]ยก\รk\รVรรดaรยฟ.:&\รรยยผ\รRXkwC[Wรฐ\รจรยย@oรฝnรยธZยฝรถ|Sรถย+ย\รงยทk\รยฏ\r6;Hรยรฝ\รจoร\0]q\รฆ\รฉTbยรทย\รซรยฅรฐj+\รกยSรกยคย\รy3\รฆ\ร-รฐ\ร%รฐ\รจF\ร\รง\รยนรพ,ย\รh\รy\รงย\0ยฆ\rย_ยยgi\ร\รW>\nW=รต$Rtยย`d5ย2\n\รชรป\ร\รรฃยยท\รk\ร\รฃรน\0ยชย\รฃ@Gยยทv[ยทX\รรถรรถยฐยฃ5ยจ\รPรยธยฎ]ยนยฐรฝ@รฐรฐรพgยถ\รขรน}ยฅยฟ\0\0 \0IDATIรยk\ร_ยยบ\รข\รรยฉ\ร0@k\รงRnL_ย\rรย\รM&\ร/\รรฟ<\รฉยป}2รผM\รsรยยญรฐยฅยฅรถยKยaรฝ\รกGยงยฟยฆ\รยยยฏ<\รฌยXJย\รbย;ยรผ\ร\ร\0ย*ยกยช,\รชรยt{\ร`\รnXยทยฎ_lรธh\รTh\รญl\r:ยยยsรตย5ยป\รย_ยขKYjnยฌยฆiรd~bยnยยฎxรณt*1\รรย=\รงR\รฎย7รพmVยฐยฒ=\รฉ\\\รx46รตย\ร9>>รยรณ0ยถ\รฌย\รย\ร^68ยlรฐรธ\ร\รรฐ\รฎ	ยย{ oยรผ6zรณXยฎยพ/\ร	G\รรยpd}ยฐยญยฉยฒ4\รชรยd\รร\รรฐ\รxvรผ\รฏspย3\รฆ\รKย\รeeo@yรฐ\รรยsรตยยถรยฟ=\0รทยฏยvยทAHรยฐtรยยงSยaยรพรบ\รฌ9ยr\รงยaยฐรฐlยจยซยzย\ร\ร\รยฟ[\rยฟx0Hยท\รง<G\\\ร.\รฉยฏ\ร\0รยยUQOย]\รรฐยฉรป\รกg+ยยฝ3\รชiยค\ร:d@PctXย\0รยA_\รrย\ร\ร\รซZรยฅยยฐlCยฐยยฝยต\ร\รญ	\รtoรน\รคFE)ย:รยs\รฅ\ร\รงย\รฏ=รตRยข5ยงyยญยปยบ\รข\รรยฉ\ร0@รฟKยฎkยrยซยข~r&ยqHav5ยฎ\รยย7<ยฌ?Lยฃยฏยยฌkยท\รง<{\รงย^รยยพpรยป`รยยจ\'รย\ร.รธรนยณร\r\รฃยรถยจยงย\ร)ยmย\รฉCa\รรฐย\รhd5ยยD=ยยnWkยฐยรฝยฅยยฐ\รจexยธ\ร\รฏq\r{or]{x]AMยznรผ\รbรธรยร_K\รJjรป\ร\r\รgยN%ยzร\ร\\รยฝ\รRรธ\รc\รก\รSรฟf\รก\รfยธรถ	xh}zยt{\รรยณ\รง\\\รยฉ(ยยยรด!ยง\รฅ\ร\ร7รY7รปyยจdยชยญย\รฉ\ร\รยยกpรด0ยTรตย^#)ยผ\ร{ยรต\รซยซwร\r+\รก\รฉ-ยฎa\รยรณรฐ\ร;a\รฅยซp\ร]Aeรยผ1รฐ6\รฏยธรตXK[รฐรฟรยยฏยธยG\n)uรฝ\รจ\รจย3Oยง#\รญยบ=\รงR\รฏ\รn}ยยฏยzยรผY\รW.+\รฌยต\รฎรถยยwยฐ\รงรผยฎยฆยยฃRยรพ\ร{&รยฟ\รJ\ร\รชรถรยญรฐย\ร\ร=kยฝAยฌx;ยธQiX?8e4Lยฎยรฉยยรต\รฌ5รฅยยนqIรนรต\ร\รฆ 4[ยถ)\รจ/_ยฟรยทOรณรยรณรฐ:ยป`G+|รป1รธรตย\ร\รรผรบรตยฐ`2ยผgTยG;cRยดu\ร\รฎย\ร_ยzยฉ 47V\รรดรด\รรต ยฝ\ร\0]q\รฆ\รฉTbยค9@ยท\รง\\\รช=\ร\รร\รรบย8รบรตยzยรผ\ร\รยฌ\รคยพ\รฃยฅ\ร\n\ร\รญ9\ร\rรยตKz+ยฃยซ\รกยถรณaDJ\รsยรฟxยพรพHp\ร]ยยยข\"(รน\รรยIย\รยยฑ0u0ยยรยกยช,\รรนย|{\ร\รก\ร-ยฐยง-x\รtรฑ\Zรยด\รยยขRQ\nG\ร\ร\ร\'รยรบยจยงIยฎ=mรฐยG\รก\รฆรพยรฟยตรยรฐยฑยฉp\\ยAzOยฌz>t\'<ยป-\รชIยคยยยยต\รฎ\รจย3Oยง#ยยบ\รซรยฅรผยธรฑ8รฝยยจยงยN!รตยฃยปยฎ=ยผWรรยยฐ|ยรยนยค7VZยยฟ\r\รxรฐ6k\ZรยณรพรฑรยธRรธ\รD1RRรผรยรย#ย m\รช8ยคVรตDR[รทร\รซ`\รฃรธ\รKรยด+xKรยยยข\รงยบรถรฐรถยด\รงรป\รรทยฟqpรพZ\ร\รกรฐรรฐรยยฎu+ย]p\ร#รฐ\ร\รฅ\รรฅยตยย+ยคย+\ร<ยJย4\รจ\รงRรพยรoรยYรพยค%ยบ\ร\ร<<{\ร%e\รข=ย\ร?\รฆBรยuยป[\รก\รฎย[]Kยชยย\ร\รฅยรปรรดยกpX]ย7T\รP4ย\ร\ร\rยnยพ\รฌnย?ยผ\รรธ\รฌlรตaยก8Uรณ\'ยฎยg\รง`\รรนย\ร{ยรฟยต\รฅpรยด\รmtยรด7ยถ}?ย}sรฐรฟยตยคย*\ร~ttรยยงSยยย\0รยs)รฟรย\รกย\ร\รจยกQOยปรย 5)รฝ\รจรถยยwยฐ\รงรผรรตยฐio\ร\รHJย	ยตpรยป`xยฟยจ\'รย\รnรธ\รชRรธ\ร\รฃยพ}ยฉรผยจยซย\รWT\รLยชย\รฉC`duยฆKaยดยดรยฒ\rAhยพi<\รยฏ\รฎ~]รฑc\รynl?\0\รZรพย=\รงรย\รgยยฑรฝยl\รย{ยฎยzยฉ`5\รร\รข[\ร\รฃ}Qย\รจย3Oยงยฃ\รt{รยฅhย\รย;%\รชI\รข%\รฎรฝ\รจ\rรฝรกยยณ\รญ9รยsIย*.ย\รฏยNVHยงร3\ร\รCย\รรน\รญQOยขB5ยข?ยรทยยน#aH_ย6&\รB}ยฅ\ร9\no\ร~ยธw-<ยฝ^\ร<4ยนรยฐ<รถรถยz\รรต4\รรยยรณlรยรพรยพรฟ8|รพ!รยธKยฝยจ`รยบย+\ร<ยJยB\r\ร]\ร.E\รฏยS\รก=ยรฝMรฑรต,mยรยญยW?ยบ\รซ\รรยณ\รง\\R6Jย\รก\ร\รกยช9รยทO\ร\ร\รค\ร\ร;ย\ร\รญoยzยยb8lรด\รซ\รงย\ร4ย\\c@M9{Aยชยยv\รรยฏรยช\รญรฐ\ร\รฆ\รรกยยฝ\รญQOยฅL\รs^ยฆ=\รงรยฒรฝรฟ:\ร\ร{\"\รj\ร\รก\รฆยฉยท%>H7@Wยy:ยยยยKรฑq\ร Xรผ^Wbยพย8รดยฃยยgรยนยค0FW\ร\รรพยดรฝ#\rยบยบ\รกยยนยบ]\ร(*ยยบย`รตรบ\รรพรฐยพ)Pยซย\ร*ยจ*ยzB%รยพxf,\รยmย[`\รฃ>hรต:/ย\รฌ9/l\รyยถFWรย)รถยฃรด\รฅ%รฐ\รรยขยBJย\รรถยฃย+\รJยฃ@Jยฃy7รฑรณยฅ\ร\รร\ร\\ยยยยญยฐz\'Lรต$รฑ5ยซยฆ\รGรย>c\\}ย=\รงa\รฌ9_ยพ6\รญ3<ยยยน\รbรธรท\ร0ยฑ6\รชIรฒ\รงย5p_ย\รกยนzยฎยดยรดยชf\ร\Z\'6\ร.\รa`TzF!\รญlย?nยรป\ร\รรฃยย-\รรถรปยg\ร\รsยยน\รฌ9\รรยรธ\รช\รรZรทย\ร\ร1\รฉ]\รซ\ร\rl;รตR\รช4ยฌ\รM\ร\ร\ร\ร\rยยยฌ]ย+\รฏPb\ร\รจW,\รฃ\รฏ~ยฑยย\ร\รฎ\รฆรยฅ\ร\ร	?:UF=Iรผ\รญnย=	ยฎ\รซ\ร ยฝยก?\\?/\รฎ\รย={\ร%\รฅ\รยVยทยงeยฝรด\รฆยฝpรoรกยยญQOยข8+/ยU0upยO\Zl.(+ยA\ร\รรฟยยฅ\รฎnย6ยดรm/รยณยฏBn\รย\รจรถ\nยย=\รง\รฏ?\รฆย2<\รVoรถยgkvcยฐ\รรฝยฐยบรด\รฉ\รซZรยฝยฟ\r>ยท$\รฅM3รยญ\รง1{รถ^ยzยLรธยบ\รข\รรยฉ\ร(ยด\0รฝย+ยรฑwW>รยรพรดยท\รฉRDยช\ร\ร]\ร?\รงF=Irรดf?ยบ\รซ\รรยปq\รรฒย\รซ\ร%ย7ยช\Zยฎ=\ร6<\รชIรฒ\รง{ย\รwรฟlรฐยยช\รฏย\รรยคยบยยฟ|bmรฐย_รฟ>>\รฌยง\รฌulยบ\รจ\รชยฎยฏ\ร\0Ooย\รงยถรยซรปยกยฅ-\รช	\ร\รฌ9o\ร\ร\รรป=\รง\รJk?รบยfxรฟรvIยฝยฎ\ร33รน|R\ร:7@Wยy:ยย\Zยรดย =Eย\รRยผ\รญ_ย\r\รงMยzยdY\รยฌuzkรธ \ร\ร<ยผ[\รกยชG\รยฎ&ยsI\รก\rยฌยoยgยยzยรผรนรนJรธรยยฐ\รรตยฃยฉ\รX\rย\รoยยฟ}Lx\rรผรยย^ยง([]\รร\รงรยNXยพ)X\รรพรดVxygรถย\รs^T=\รง\ร:รย~\รฆย\รยรดBยถยป\rNรป%<ยฟ=\รชIยคย\รรฐ\รI\\w\รi|.\รชa\ร0@Wยy:ยยย<ยธยC.ยฝย\รซ]\รซ.Eยงยฎยพ}\nย<*Xรยฉย\ร\รยฎรยรณรฐ\รฌ9ยยkยฅ\รรฐยcย7\รคJSรฒรยผn7ยsยฌ\รรต$รยท>%ร|ย\ร0{ยผc\รซรท\รงรยยด\ร(รทรถยตรยv\ร\รยฏ\รรฒgยถรยณ\ร`o{\ร\ร)_ยย-W\ร58cwkยฐยฎ=ยยรณยฐ\nยฝ}_|รธNXยดรย	ยฉย5\รร}ยทย\รEQย\รจย3Oยง#\rรบAรถยฃK\ร\Z\รรพ\รกhรธรปยฃยขย$yรยตร/W]ยOรทย7รยรณรยฐ\รง\\Roย>~x\Zยรต$รนรณรนย\ร\รOรนYย\รรบรย\Z\ร\รยณ\Z`@ยAยน\ร\ร\ร\nรป\รa\ร6ยธomยยฏmยย{รผlI#{\รs#ย=\รงรย\รยรฝยฉยฝยฆ@ยรดn\ร+K\รg\ร\รVWยทKยฝยฅ\รรปยงr\รรผ\ร\รรฑ,9cยยฎ8รณt*1\รยd?ยบยย*รธ\รx\รฏd(K\ร[wยนยดยด~ยฑ\nn\รฉยรยบยปยฎ=<{\ร%รตยย2ยธ\รฆรด`mu\Ztuร\รkรกยฃยฟยยฎn/8ยฅ\ร0ยช\ZFW\ร\รคz8o\\รฐ`HUYรยยฉยผยด\ร:a\รฉxrs\ร]ยพqOยฐยจยฃ+\รช\รฉ%{\รรย{\รyยถยช\ร\รรธรฐยก#a\รรยจยง	g\\รฝ(\\รณย\รIยฅ^ยรธยรณ7cยยฎ8รณt*1\รยd?ยบย\"\ร_ยยMรตยGยถ^ยฏรฝ\รi02ยhpย-{\ร%รตยถOยยฏรย\รขย|NยฟยบNยน\ร\รฌยz\รฅBy	LยWยณ\รกย0ยจ*KยฃยLIยทยทยvAK;รผรถรยรถ\รกยฉ-ยฐยท#\รจ5wmยฑ รธ\รฌ9e$|รบXยฟGf+i=\รง\ร\Z\ร\ร\รฉยE=Mv\รรฟ\r\ร\รรตRA*ยยรณ7cยยฎ8รณt*1\รยยรฝ\รจRTJยax?รธ\รSรยคย?ยยรฝ\รจ?[?รยรณยฐ.\0\รฎxรยsIยฝ\รง\รฌยฑรฐ\รฉย0ยฅ.\รชIรฒ\รง\รข\รร\รฏVoย*yรบรทยรณ\'AC?ย1\ร\รBmยรต0\nogkยohย=\รญ\รรฐ\ร&ยจ,ย]ยญร\รb\รฉ {\รsยฃยรยตรทTcยผs<|รฐย`^\รชD~รฟ\n|รทยรฐ\รจยฆ\รยI9UP=\รงo\ร\0]q\รฆ\รฉTbยค=@?\ร~t)\Zยตรฐย\รp\\ยยฌยzยd\รช\รชNรยยยธยฒ\รง\\R>\รฏ??ย\Zรต$รนรณยยง\รรณ@ยปยซยcJ\รiย\รpรด\ร\รmรย\รฅ>ยยงpยบยบa\รรพ`\rรปcย\รก\รยกoYรฐยyeIรฐรถยนรดFยยj\รyi\รรฟZQ|\รจp8w^รยชยgยทร\รW\ร\r\รBK[\ร\รHยงยรยตยฟtรยยงSยaยรพย\รฌGยยขรฑรพ\ร\รกยขรย`ร0Xรน`รยนยค|รบรยรฐยฉยรยบ\รซ4\ร\รยผ}~Oยยซย\รฃยชO	3f5รรย0u0: \ร$ย\ร\ร\รซ[\รยยรฐรป5รฐรZ(/ย\รงยทG=ยยรยรณรฐ\ร;\รกยฎ5ย\รs\รร\n;\0.ยรยย\ร\รฏyรยฝ\Z\รงรยฏ08ยzA\รชยรณย\รgยN%ยรบ\รซยณ]ย\ร\'ยย{ย!ยบzย=\รงยรฒmรบPยธ\รฅยรฑ|รยฉ7\รฌ\รซยO\รWF=ย^ยซยช,\รรธ3}(Vย\รง+ยผ\รฆRx\รรถ\ร\ร\รรฐรย\ร\รญรฒ\'6รย.รยพ?\รชรยDรถยย\ร\ร+ยถ~\รy\ร\รA=\ร\รฌF8e4ย}h~\รรดยยฎ ,รฟ\รRยธ{\r\รฌ8\ร6)\รR\รsรพf\รgยN%ยรบยณ]ยFcยผw2|รถรยจ\'Qยกรน\ร\รฃp\รSรถยKรย\ร5รฐ\รypD}รย\รคG7รฐ\รญ\รฅรฐยตeยฎnยรยก\รm\rpรดย6ยยย8รยปยv\ร\ร=รยบ\รก_ยฟ\0OnยยถN\รฆย=\รงยน\รกยบรถ\รSยร;\ร\รmG\rยรยฝรณ\รjiยรยผรท6รรฝ\รซ}\รH\รช%\ร#ยซyรฅยฉยยรต Q2@Wยy:ย\รจo\ร~t)\Zรยย\รฏย\n#{\รฉรยซ\รรยsIQ(*ย\รรยKยยยฒยยจยงรยยตยปaรmรยoรยรฒยXยผยต9aPpรณยฟยก\n*KยฃยLI\ร\r,\ร\0ยญA\รรณ\รซ\รง`\รรพ ,\รฏ20Wย\รsยรynรรฐรพ0ยฎ\ร=\รยฎ\รง&\รfรถ{j{gPยยฒยฎVnย\ร6\ร\รfXรตjรฐยถยนยค^ย\รu\รญยฏ\ร\0]q\รฆ\รฉTbยรทยรฝ\รจR4>3\รฆO6HW\รฆยฏย<aรยนยคhย~รผรฐtยจ)ยzยรผ\ร\ร\\ยVG=I\รกยซ*ยบ\รรงยยqa\ร ยจยญHรย\Z\รช=;Z\รกยยกยฅ\รฎxยยฌยยญรปยย\รRยฎ\รsย=รงยฝยซยธ(รธc`ยชยY#ย\รรย>รยง\รจ\รรท(รถw@K+\รฌjรพยผรต\0ยฌ\ร\r[`Ox\รซU\รชU\รงยฏ\ร\0]q\รฆ\รฉTbยg\ร~t)\Zยย	ยยน\ร]=`รยนยคยจ\rยจยยg\ร\รร\รฉyรธ\ร\'\รก7รณย[Gย`r=Lยฉยยกรฝ``9ยรคยฑยฏUยยงยป6\รญย{\รรยฆ=p\รยฐy/\รฌlย.oยจ\r\รญรณ\ร\รsFgWรฐรรย\ร\รรยQO#Iยh8ยฎยรปn?ยยยข&n\รgยN%ยzv\รฌGยยข\รXยผยnยยฎ7r\รฃ*ยธrย=รงยยขSรผ\รง\รรฐยI\รฉy#รธ\รกfรธ\รขxรยรธยกAยb8รณ;ยฆย\ร\รช`PeรฐรถยFGW\รW~\ร\Zรยผ\\[รทยยผR>\รsยยฎkย${\รรยยบ\รข\รรยฉ\ร0@\ร~t)\Zรถยฃ\รซยฏ\รs.).\ร9~|Zz\รรยพ>x\'รยป6\รชIยยฅยคยชรยยMยย\n8ยฒย\Zl0(รถยฎยBรยถย4\ร\รฃย`m<ยถ1\รจ\ร\ร\รรตdJยฃ	ยตรฐ\ร\ร\รญ9cO,\\\รรนยฃรยนยค\รr]{ย+\ร<ยJรดรยฐ]ยยรฝ\รจยฒ\รง\\Rย\รฎ?:Niยนgรฑ\รg\รยชGaรยยจ\'ยยทรฒยจ*ย\ร50Rรฐ{\รรฑ#ยยฟยฏ*ยz:ย\รฆยธยง)ยจยฒYยฝยm0,Wรด\รฌ9รยsI28รยยบ\รข\รรยฉ\ร0@รยญK\รฏ\รขย7ยฌ\รคยขKye?zรบ\รs.)nรบรตยยฏยNยรฒยรดยรยฟ>รผรยฒ7\รชIรขยงยบ<Xยป>u0ยผ\รฏ0\รจ\รฌยCjยยก\n*Sr>รยปย\รwยฏย\รงยถ\ร7\ร+ยปยฝ&R|\รs\รรยรณO\รยฟ~!\รชi$)รถยg\ร\0]q\รฆ\รฉTbย\รง\รรยรยนรฒยพ\รฌZw)ยฟ\รฌGOรยตKยย\รข\"8a$\\{\n\รญรต4รนยฑi/|รธNxh=ยครฝEY	ย\รจรผรน\รคQรฐ7ยA[w\รรท;ยคoรฐ\รซRยป[\รกรฑ\รรฐ\รxb<ยณยถ\รฌzรยฅ8ยฑ\รง<7\รฌ9ย${\ร\ร0@Wยy:ย\รจยฝ\ร~t)\Zรถยฃ.ยsIquH\r,<\รLOwรต5ยรยN\รง\รงq\รRU\rรฝ\ร\รกรฝยรยฌรยฏ4ยธ0ยฐJยยฃยPIuรฐ\รรน\ร}Agรน\ร\rรฐ\รจFxe\'l?\0]~}Wยยนยฎ=<{\ร%\รu\รญยน`ยยฎ8รณt*1\ร{ยรฝ\รจR4\รฌG/+ยถรยย\รs.)ยรบรตย\รgรGยงF=Iรพ,\ร\0\\S\ร{^S\รฆGยยฟยรดยรท\รฏ:a@Yzรบ\รฎย{ยรบ:รพรฒ\ร`รปSยaรนfรยฑvยตยบ\รA\ร`pย=\รงยdpยK\รจย3Oยง\ร\0=\รฆ\ร\รรย63Ct)ยฏ\รฌGOยฎ-รป\รยย\รญ9ยoo\ร;\รยzยรผh\รญย\ร	รทยฏยยยถยจยงรยฝ\รขยข :ยดยฆ\rยs\รรยฐ~PUรป;ย?K\รj\รฏBรฑ{ย`รน&xjยผยธ=xยป|o{\ร\รIยPรงยยท\รง<ยย=\รง\ร~~รฝยขรกยนยคTยฒ\รงยผย+\ร<ยJรดรผยฒ]ยยรฝ\รจ\ร\รฃยบvII0ยบ~p\ร\Zรต$รนรณ\รรป\รกยง+ย0ยนรด\รฏc\รรฐ*8e\รiรผ\รฌ\ร{ย\รua\รฏรปO.ย@$	\รก\"ยยย ยยย\รI,\รVยnยฅรยซj\รซยฑ\รฎยฒ[รท\ร5\ร\รjOo.M\รiO/X\รซ\รฎยทรยยย\รKGB$!ยย\รrI\ร\รคFยยd&รงยยรย\\2\ร\รฏยรน=ยฟy^ยฏยตfIยยยฏยฎย\'ยรผยพ\รฏรคยธยฃ\รฅ4\ร\ร=ยตa|\ร\รd\รฅ\ร\ร`ยพvGยฒยฝ\ร\รoยจยฎ\ร#ย9ยuรย\ร9\ร9(tยยยงย\ร0ยยCรยกย\รรผ\รง@Uยย|รนยฝ\ร;&ย}ยรยณx}rรต\รรย;2yรยฑ\รIยฏM.?#ย=1;รยxย\รซ:ยl\รซJ6รญยชยฝ]รพ\รจsรย-รยยยซรถ_3p(รยตยงs\รยบรถยf@ยงยy:ยฉzยนรดรยกรบ\รจ\รG\รงยจย_9#รน\รฌEรยc\ร>\ร\ร\รจ~\รก\รชรถoยฎยฉ]9[ยงยMยฆยยxTr\รย7LHย:ยข\รฌS1lรย\รฌรย<รฐLยฒagรฒ\รMยตรรผย\รงยรบkยรกยผยธรฝ=รยช\รงยk\Zรยยe8$tยยยงย\ร0ย7ยso\รoยฃ\ร\ร\รG/\ร\รฆ=\ร\'\รฏยฎuรยท\รฏ+รป4\0ย\รง\รค\ร&รฟรพkยตqยถ\รฌ;ย|\รฆ\ร\รคoย%\รรผรฑรกยจยรยน\'$ยN.89ย3%9\รฉยจ\รค5#\ร>Uw0I\ร\รฎdรย\รครย\ร?ยฒ5Yยต5รยบ/\รฉ5ย3D\รฉยยงsยs>\ร\รจ43O\'ยa@oยฎuยrรจยฃย\รu\รญ@ยยรผ\รรยรยQรถI\ร=O\'Wรฟ[ยฒยณยปรฌยยผ\ร1ยฃยwLN^wTยญ_>รฝยdรยจd\รรฐยฒOF\ร\รญ\รฌJ\ร\รฎLยถ\รญKรพรตยฑ\รรท=ยฒรตยงรฝrยฃ\รชFยL\ร=>ยนรพ\ร9รย}ย\รช\ร9\ร9/ยยf\รฆ\รฉยค2\รจ\รรย\รฅ\รG<รฟรดhr\รซยชZ\รpT\ร{kรฒ_รยซยตยด[ร\รฆ=\ร5w$?\ร\\\รฎยต\รรย\ร~\ร\ร{ยง&ยงย\ร<ยฅv-รปยธQยต?รต\รช=X\ร\ร\รฏยฌ\r\รครฟรฐยฃ\ร3รยฑยซv;รยฎรฝeยย\รซรย\รรยรยฝ!ยรป=\ร9รยฒ\\\ร^\":\ร\ร\รIeรย\ร!}t#:\"}รดยยฃsT\รรนยฏKnยนยผuยยฎ\รรผยปย/ยญยฌยยยiรยdรถยฉรย\'%รยKรยยwTrรดkรท=zkยฟ1d\รsรยท\ร$wยฎM\รยl\ร[{ยป|ยฏยยฃรยข&ยKยฎ>;รนรรด\รรน\รง\\ยฃ\รฉยรยยยf\รฆ\รฉยค2\รจ\รm\ร\รLยนยฎ=_รฒ6:>}รด\ร\รฉ\รซย/รย<รณ|รยงยจ\ร\ร\รก\ร\ร^ยยผgjรฒ\รqรยรผ\รง;ยu;รพ\ร:\รฎ\ร\รu\รฌรยยฏ]<u|rรฒ\ร>\\S\\WOรฒรยถ\รคย\ร\รครยJ\รฎรยยผfXยฒยฏ\ร\รK \ร9oยs\0ยรณfb@ยงยy:ยฉz5ยธ\ร\รq\รชรยตรฝ\รชieยยค\ร>ย|รนย\รค?รย}ยรบรฝ\รรน\รรฟยผยฐรยmยซw$รฟรฝ\ร\รค{\รฆยฟรฟยดqยตรรผย\ร&oy]rรย\รคยจ#\รฆรยขยต<ยท7yb{รฒ\ร\รรคยยงj\รญรฒ\รงรท\'รยฝยต[ยยยพ\รรน\รยยO+รป4รยฅsยs\รl\รจ43O\'ยa@ยฏยCยฎuO\รฉ0h\รvmHwยญ{รฝVnยญยต\รoyยคv=*@ย\ร9-รนรปw&รยถHรทยผ\รซ@รฒ\ร\รNยพยนยบ1WยทK2รณ\รค\รครผยยNJยฆยยยtTรฒย\รรฟยป\รก\รฉ]รยรยeยยo<ย<ยบ-\ร\ร[รปs=ยฝ\รฅย\rยย\รyq:\รง\0ยฎkoVtยยยงย\ร0ยWย>:ยCยฝยธยฅ\ร\ร/OยพยฟรยTรย\รก\ร?ยผ3y\ร\รซย\รก\ร\ร>\ร\รXยฒ1รนยฝ\รฏ&kw\รรทย?รถ\รd\รรซยยทยT{ยป|\รq\รรฑG\รรพยฟย\"รด&+ยถ&\ร\รญIยพยป6รน\ร\รชd\รรณI\รk}ยผยWยฆs^ย\ร9ย\รกยผ\ร\รifยN*รย^]รบ\รจP}รดbvv\'+ยท$\รฎM\รฎ\รXรถi\0^\รg/J~รณยยญsuรปรถ}\ร\รฌ[ยยย1\n\รกย\รฏยฉG\'ยฟ8)รนยยย3ยIยฆยOรยรบรฉยยzLยฒyOยฒv{ยญUรพยฅGยยยmรป\Zs3ยดยรณ\รรยถ/รนยซ\รชย-ยญC\รงยผรน\รifยN*รย^}รบ\รจP}รด\รขvv\'_รธQยฒdย!hNgNHnyOr\ร1eยdpรดLรพ\ร\ร\รรฟ~\รจ\รง\รaรย/|รย=1y\ร)รยน\'$ยฏยย;:9รบ5ย^ยยยยรยยยต\รฌรย\ร$wยญO\ร\รญpc\r\ร\ร9รฟรรด\รค\รข\ร\รรณz\รฉย\ร\ร:รฟ\รย={bรย}^ยยf\รฆ\รฉยค2\รจCย>:ยCยฝยธยฅยตรยฎ>:\รLNยรผ\ร\รฅรยยkยยซ\รรฟ\ร#รย\รWkJยยยย7:ยน\รข\r\ร	G\รFย\ร\ร\'\รย\ร\"o\รค3pยบ{ยGยK\รฎ\รX\รซย\รรปtรยน/y~\ร\'ยยกAรงยผยธยฝยยป\ร\รฉย-\รu\รญd@ยงยy:ยฉรบรยฃย\รฅ\รG/niG\รญZรท[\รฉ@รน\รฆ^ยรยฟยฐรถ\รฆu+xzwรฒ\รก\รฏ$ยปยบย_y}\รญยญรฒ\รฉ\ร\'ยงยย8ยฆ\รฌ\ร1<รณ|ยญ[ยพiw\รญ\rรณย^รธ\รงรฝยพeยยยรณ\รขt\ร\รงUf@ยงยy:ยฉรบรยคย\รฅ8รต\รจรยยฎย^?}tยยผรนu\ร\ร^ยยs\\\ร\'<\ร<ย5ยฒv\ร\รฏkFย}\Zยย\';ยรฏยฎยซยOรยMย\รจยฌ5รยย1~T-ยฑqรฝรยรณ\"vvรยฎk\ร9Zย\รy\ร\รifยN*รย>ยด\รฉยฃC9N=:รนรยปยYรพยชยซรย]\รWM\รฎxยฒรถF:ร`9\รฎยจ\รค\รYk\รยยง\รง`รฒรฐ\รฆdรฑยdรฝยฎรคยฎยต\ร\ร\รรยรยฒOCย\รyc\รจย\ร\ร:ยฟaNยฎยฝzZย|\n0ย\ร\ร<ยTยยฝ5\รจยฃC9รดรย[รย|\รฅ\รdรกยยฎu\ร\รจย\ร\ร\รIรพ\ร\รซย>\รร\รรยบ7y`Srรฟยฆ\ร5\รรยMยรยรดรบx	ยJ\รงยผ8ยs\0รยต5tยยยงย\ร0ยยท}t(ย>zqรบ\รจร`x\ร)\ร\รง\รUยปIยจ\รฉ=Xยx6รนร\ร\รคร\รรย\รญ\รรถ}ยOยPย\ร\รฃยK\'%sg\Z\ร\รซยฅsP\ร\รvnรบ\ร;รณยฉยฒC\รฃ\รifยN*รย\รzรดรยกรบ\รจ\ร\รฉยฃ\รฉย\รรยท~-9kB\ร\'ยr\รญ\รฏM{.Yยด>y\รย\รคG\ร\ร\รรฒ]รป\ร>ยs\รยฎk\ร9\ร\รจ43O\'ยa@o]รบ\รจPยSยN^\รฉmรด\"รดรยF>,ยนรถยรย\รJรย*รป40ยธยบzย\รKV>W\รWoยฏ\รรถยฒรท@\ร\'รบ\รจย7ย\รกรu\รญยญรยN3รณtRtรดรยกยฎu/Nhย\ร~Sรฒ?.HNSรถI`\ร=ยฒ5Yรบtรฒ\รจ\ร\รoD\รซ\รUkย\รจ-รปdรK\ร9/nOรยพV\รงhiยรณb@ยงยy:ยฉ:}รดรยกรณ.tยญ{Qรบ\รจ@\รฃG%wรพFrรบรธยฒOยยตรท@2jdยฒtcยฒ\รฌ\รd\ร\ร\รxรพ\รรถยค\ร\ร\รฅ\รรดtรย\รซ\รฉMVn\ร9Zย\รy2ย\ร\ร<ยTยยC\รฉยฃC9รดรย\รรย|cรฒ\รรตรย\ร7|xรฒยย\รoยยย}Mรยงยbvw\รr\รYย<รย<รบ\\รฒยยงย\ร{ย^oยCe\รจย7ย\รซ\รt\ร[ยยf\รฆ\รฉยค2\รจยผ}t(รยฌยยฎยย\ร\0\0 \0IDAT\ร\rs\\\รซ^D_รฝ\รฆGยu;\ร>\r\ร\รฌ~รฑ\ร\รค\รรท&GQรถIยzzย]รปยรปยo<ยยฌ\รQยปย\รฅยฉ\รญI\รงยพ\ร\ร<ยจยฆ7ยย|รด\ร:\รงE\ร\\\ร\ร\รช\รจ43O\'ยa@\รงย\รจยฃC9รดรย\รG^\รi\รฃย/ยฟ\'9รงยธยฒOยฏ\รฎยน\Z\รฅ\ร\รฎIรพยฟยย=รยต7\ร\ร\รฏLvuย}:ย(ยรณ\รขt\ร\รง\ร\รifยN*รย\ร\รก\รGยr\รจยฃยงยยผย\รกรยรฟรท\รข\รครฝรยย\ร\ร>\rยผXOoยฒyOยฒยฟ7yxKrรฝยยฃF&kw\รรพYยถg\ร\'\Z\รฅ\ร1\รeยง\รซย\รรยtv%\รรยรยฟยฉ\รฌ\ร\0ยยข#I\\\รN:\ร\ร\รIe\ร9\\รบ\รจP}รด\รขรดรยยรต[oJรพxV2\ร\ร\รญ4ย\รฎย\รคยรงยยงw\'ยท=Vkยย\ZYยปยx{W\รuย\รฌยยฆs\รยฎkHรยคยฑYรณ\ร3ยป\รฌย\ร<\รจ43O\'ยa@ยงยฟรดรยกรบ\รจ\รรตรต\รoX\รฆmthuยฟzVรฒ\รฉรยต7รฟ`ยฐ\รญ;ย<ยด%รยบ\'รนรฒ#\รCยk\รย7รยบยทรยณ\รฏยฌ	\ร\ร\ร\ร9/\รp\รยบv^ยยf\รฆ\รฉยค2\รจ\รKรยกย^\รรย\รค\รฏย\ร\รJ7ยคC\รซ:qLrรน\ร\รคยฟ]`Hg`=ยป\'y|[ยฒnGรฒยUรย\รkรฟรผ\รฉ9Xยปzh\r:\รง\ร\รฉย\รyutยยยงย\ร0ยS\รu\รญรน\รฃ[V\รฅยทbDยAยฅย^\\_รยต\รฎ\ร\ร\ร=!รนยณ\ร\ร\'%ยฏQรถiยจยบยยงw%ยw&รยIยพรพDรฒDg\รรป\รรยฎ^ยฟย\รฅ\รจย\ร\ร9ยยป8ยนรฝรฑยฒOP\nยsยยf\รฆ\รฉยค2\รจ4รยญยซrรยรปรฒยงยฎuยรยฅย^ย>:\ร\รง7ยง\'8\'ยvยฌ!ยรยทรท@รฒรยถ\รhรพรฏยซยE\รซย\ร{\รฅย\รyยฃยธยฎ@\รงยรพ1ย\ร\ร<ยTยยF\รGยr\รจยฃยทaWรฒ?Jnyรยต\รฎ\ร\รช~sz2รฟBรยบรณรณz&w\รรฒ\';ย/>\\{\ร|รปยพรยง*\รPยฎk/nwwr\รซยฃ\ร\ร<h8Zย\รซรยฉยยf\รฆ\รฉยค2\รจ}t(ย>zqรบ\รจ@R\ร?|n\รญรฏยฉยรดรยตยฟ7Yยป#รยฒ7รน\รฎ\ร\รครยซยย;ย]รป\ร>รยฌ\รง\ร\รฉย\ร)รยN3รณtRt\รeยท\รฅ\รฆยฅยน(FtTรบ\รจ\ร\รฉยฃIรฒยฎรย\รซ\ร\รGo]=\รยN\รฎ6ypSยฒ\รฌ\รdGW\รญยvยW2~Trรย:\รงEรดu\รรฟรบย\รครฏยย}\ZยR\รจย\รtยยยงย\ร0ย3\รรดรยกรบ\รจ\ร\รฉยฃ}รดรยยฆยต;ยรฟXS\รซย/รย<ยฑ-รยบ79\ร[รถรยยช=2ย3Y\รงยผ(ยs\0ยs\ZรยN3รณtRtย>:ยCยฝ8}tยย>zuรตLV=ย,ZW\รWlN\ร\รญยจ\r\รฆ\0รตp]{q:\รง\0ยฎkยงรฑ\รจ43O\'ยa@gยฐ\รฉยฃC9รดรย\รG}รดยช\รw Yรพlยฒdcยฒf{ยฒยค#\รรด|\ร\รซ\รญrย \รyq:\รง\0ยsยยf\รฆ\รฉยค2\รจย\รฅรยยฒ\ร\ร\รจ0รธรดรย\รG}รดfยณยฝ+รน\รรบ\รคยก-\รรย\รยยตยยฎย;@ยฃ\รจยwh\รงรผรถ\'ย\รง@K\ร9gร\รifยN*รยNย\\\รซ\รฅ\รG/ngwรฒ\ร\ร\รW1ยคCยซ\รG|zkyย%j\รญรฒe\ร$kw$ยปยบ\ร>0ยยย{|rรฝ;ยsย/รป4รยฅsยs\ร\ร0ย\ร\ร<ยTยยf`Hยr\รจยฃยทrkรฒOย\รชยฃCยซ;qL\รญยt}รดยยฑ\รฏ@ยฒbK\รญ\rรณยยญรต\รwt\'{รถย}2`ยจs]{qยปยปยยป7ยธยฎhiยฎkgP\รifยN*รยN39ยคยnDยAยคย^ย>:ย\ร\รรณOยฝ-ยนxยฒ!ยฝย\รรปยoยญNรย,รยยฌรยl\รฏNยบย}2ยUรย\รรยยฌz.ยนfยก\รกhYยsJa@ยงยy:ยฉ:\รf\ร\รLยนยฎ=_รฒ6:>}รดbvv\'+ยท\รจยฃรบ\รจรฝq0ยตยกรผรพM\ร#[k_O\รฏNยถ\รญKz}Tย\รyq:\รง\0:\รงยรยN3รณtRtยยkรยกรบ\รจ\ร\รญ\รฌยฎ]\รซรพ\รฏO\Zรยก\รรฉยฃยฟ\รรณรปยย\รkWรน>ยด%yรดยน\รคยกรยต~yOoรยงZY_\รง|\รฎ\รรยงย}ย\รช\ร9\ร9ยง|tยยยงย\ร0ย\ร\รฌยน\ร=1ยครย\รG/NHZยทย\ร{0\รรยรดL\รฎ\\ย<ยฑยญ\ร.\ร\ร\ร\ร\รฅ>ย\0\ร\รu\รญ\ร\รฉยยธยฎย\รฆa@ยงยy:ยฉ:Uยกย\รฅ\รG/NHj\รฃรน\rรฏยฌยฝย>ยรดยฎย\รครน\รฎ\รคย\รงkยรนยช\รงj_\รซv$;รผยฝhBย\ร%Wยย|`ยบ\รกยผ^:\รง\0ยsยยยf\รฆ\รฉยค2\รจTย>:ยGยฝ}tย\รoNOยฎ<ยณรบ}รดgv\'zยยต;ยรถยตรยรยยง:ยยยปjWยต4+ยรณ\รรยถ/รนยซ\รชย-ยญC\รงยfd@ยงยy:ยฉ:Uยคย\รฅ8รต\รจรย~รตยดยฒOR];ยปย/รผ(Yยฒรยยญ\รฎ7ยงรยฎuย0ยบรนยรด\รฎ\รdรณรณรยพย\รคยตkzยรยl\ร]ยปYcรยยฒOรฐ\รชรบ:\รงยยรผ\ร\รeยยฆยบt\รjoย\รฃยรย=1k\ร>รผ,:\ร\ร\รIeรยฉ2}t(\รรปรยฎ\r\รฉยฎuยฏ\รรยรคยยซรตรยก\ร5kยฝยซ\'Yยท3รยฒ7รนรยdรทรพdรย\รรทoรยรดรดย}Bยรพ\ร9/n\รฏย\รคยฎu:\รง@Ks];ย`@ยงยy:ยฉ:Cย>:ยCยฝ8}t I\ร=!รนรยถ\รค\ร\'\ร\รHl\รw\'?\ร\\ยป~รฝยGย\ร#j\Z52รยถwรฐ\ร\ร(:\รง\ร\รฉยรยฉ:\ร\ร\รIe\ร*รดรยกยง]\รรต\รรซยงยรดรน\ร\รฉ\ร5\รjWรยต\รฎ=ยM\ร\'ย=WDรพ\รญยรยต\รรท=ยรดยฌ}Tย\รyc\รฌ\รฌยช]รยฎsยด0ยs*รยN3รณtRtย\Z}t(รยฉG\'ย{W2\ร_uuรยฐ+รน\รชยฃ\ร\รขรต\ร=eย(S#รป\รจ{$O\รฏNรย\รรย|sMยฒnGrร5\รฌรth\รงรผ\รข\ร\รรณz\รฉย\ร\ร:ยฟaNยฎยฝzZย|\รจ:\ร\ร\รIe\รยชรดรยกรบ\รจ\ร-รยรผรย\รW\\รป\รKย5\ร\รG\รฏรยยฌรยlรยรยฒ*ยนSรยน7รฑยณ~`ยจ\ร9/N\รงรu\รญTยยf\รฆ\รฉยค2\รจuรบ\รจP}รด\รขรพรฝยฉรคยยพ_{3ยฝยซยง\รฌ\ร\0e\รฉ\รซยฃ_pRรฒ\ร#~รพรยฏรย<รป|\รญ:รถ/>ยยฌรย\รฌรฒยoย2y\\r\รฉ$รยตยกsP\ร\รvnรบ\ร;รณยฉยฒE\รifยN*รยN+\รGยr\รจยฃรท\รรณ\รO%รฟ\รซ\รฎ\รคยZZ_}รด\รd\รซยรคยย\รรยยฌยฝiยพgรยง|\รฃG%ยณ\'&\ร_l8/\รu\รญ\0:\รง-tยยยงย\ร0ย\รJรดรยกยงย,ยผ\ร\ร\รจรต\รช=ย|gmรฒยฑ\รฏ&ยรทย}\Zยlยฏยtรป\r5@\ร9o\ร9ย\ร9Cยยf\รฆ\รฉยค2\รจยด\"}t(ยkรยYรต\\รฒยw\'Kยยฎรต)\0Zย\รyq:\รง\0:\รงmtยยยงย\ร0ย\ร\รรดรยกยรดbรพ\รฎร\รคS\ร/รป\0\0ยGรงยผยธย\รd\รฅVยsยยฅ\รฉย\ร\รจ43O\'ยa@ยง\ร\รฉยฃC9รด\ร\รซรยน/รน\ร#\ร\ร/Oย}ยพ\รฌ\ร\0\0ยรณ\รp];ย\ร9ยญรยN3รณtRtยจ\รGยrรยย\ร0\ร\ร\รจรฝ\ร{0รนย{ยยV&;ยป\ร>\r\0@\รฃยฝ\รฉย\รคยฃo\ร9/\รp\รยบvZยยf\รฆ\รฉยค2\รจรฐbรบ\รจPรยบ\ร\รง\รU\ร\รฏ\รYยปย\0`(\ร9/nOรยพV\รงhiยsZยยf\รฆ\รฉยค2\รจรฐ\รรดรยกรณ.tยญ{t\รฌJรยรยฒยชรถV:\0@Uย8&ยน\รฌtยรณ\"zzยรยฎรคยขยฏรยยรย$ยฎkยงย\รifยN*รย/Oรยกย\ร?\ร\รฎI~\รฃรยm.รป$\0\0รฝยงs\รยฎkHรยคยฑYรณ\ร3ยป\รฌย@ย\รจ43O\'ยa@ยWยงย\รฅ\รG?<ยฝยรฅยยwรฝยณยซ\รยj9kBรฒยฑรณuรย0ยยธยฎe@ยงยy:ยฉ:>}t(ย>รบยซรยผ\'รน\รรถ\รคยปk\ร>	\0รยซ\ร9/N\รงรp/รยN3รณtRt\รจยฟ\รซ\รรณรยทยฌ\รoรยยJรฝยรฝรพwยรบq\ร\รSรถI\0\0^ย\รyq}ยรณk\รฎH\รฎ\รTรถi\0JยกsยฏรยN3รณtRtยจรยญยซrรยรปรฒยงยฎuยรยฅยรพ\รz&รฟรผXรฒยฟ\ร~A\0ยย\รจย7ย\รซ\รt\ร\รก\ร\รifยN*รย\ร\รจยฃC9รด\ร_\รฌ`ย\รOยฎkOรถ(รป4\0\0?\รฅยบรถ\รขvw\'ยท>ยรผรยยsยeยนยฎยยf\รฆ\รฉยค2\รจ\รรบ\รจP}รดยยkWxรพยงรย}t\0ย	รย\ร90ยC\รif\ร\ร>\0ยฎยฏรฝรณ?\ร*รป0รยย;?\รvJรงยย\รoร}รยน7%ยยฝยทรฌยยkoรฒรฝยรยรยฒO\0ยดยบ\ร$ยฟ5=รนยยซยL7ยรยฃยง7รยบ7รน\ร$\ร,4ย-ยฉ#IG\ร)Y\รรนรปยh<ย\รรณยnยธยฒ\รฌ3ร+Qรถ\รpยฝ~รย\รX\ร\ร\ร6,\รฉย2uรชยยฒ\รUwรยด|m\ร\ร,[ยน5g\รฌ\รจรย$-รพ^,ย{:ย[W%;ยบjรยปยทยยย\รรผ\รฏ%\ร\รฎ)รป$\0@ยซ\Z=2รน\รฅ)\รW.O\รwf2รฆยยฒOTMยปยปย\รรย\รรป^\รญย!ย\ร1ilรยฌรฝยLยฟzZยพVรถaย\nย.Y2\รฅ[^ยบsรยรฑ\รญย-+รป<รฐr\รจT\ร\ร\ร\รรย,XยณzรตzC:4\รรด\รฃยณรถยฃ\รง\รฅยฆ$\ร7\รฌรยฑยt;ยปkCรบ=ยต}รยจยฒO4xยพยฝ&รน\รSยต_p\0lย\ร%ยรผย\รคwgx\รฃยผ^ยปยปย/ยฎL>รผย\รคยปkย]~^ยดยย$ยป\รฆ]ย?ยผ\รฅยฝรนยฝยฒU\ร7ย?รนรธ\รฃรยบยบยบยพย\รค:\รรยNeยผ0ย\ร\รฉรปZยณzรตรบe>x\ร\ร\'ยรผ\รรธcยHยfM\รรฒยพ!รฝยยยยdW\รฉ0\ร\ร\รฏL>รฟยฃ\รO\Z;รดยรด\รงรท\'รฟรตยป\รยeย\0h5ย\ร%รยรผ\ร\รฌยคmยขยท\รรซยฑยฟ\'รนรย\รค\ร\รฏHยพรถยธ\รกhI?\ร^ยรฟ<kbยย} ยจย/\รpรยยรงยยฟรฐ\รtย\รรยฒ\0,รยพm[รพรฑรณย?\รฎ-รงยยฟรดWยฏยบ\รชรปeยชnรพ\ร\ร8fnยผ\รฌยถรยผยด#%9ยฅ\รฌ3A+Xp_\รญkรย\รรผยeยf\รรผรยฃรยฆ\รeย\0h%\รฃG%Wยยรย\รฉยรณzรตรด&ย]\ร_?ย\รรพย\ร9รย:ยยค\รญย,^xeยฎ-รป0P_ยธ\รกย+w\รฎ\ร1รพยoรพ\รฏRรฝ\รค\rt*\รฃย7\รรยMO?รฝยkรยกqยฎยฉuย\\\รซย\รฌ\ร>z\ร\รdX\รjยยฟ| ยนรพยพd\รซรยฒO\0ยดย\ร#ยยฏKยพรธ\รฎ\รค\รsยผq^ยฏC;\รงwยฎรณ\ร9รยtรยกยรญยยง6ย_รพรฟ6oย\ร\ร\รจT\ร+\รจ\ร\ร\\\รซรยตwoย!ย9รดZwC:ยยพ>รบรท7&ย\\{kjXยยรดรฝยฝ\ร~ยรผรน}~ร\0}ยรณยน3ย)\รฃ_รฝ\ร\ร\ร\ร\ร]\รซยรฟรบ:\รง@\ร\ร9ย~zย\รรนK\r\รง}\รจ45:ยรฑ*zย9รปรถ\รฎรฝ}th}t(รย]\รยชuรย;2?:9ยผ\รฌSรต\รรย\ร\ร-K>รทยฃdรยพยฒO\0u:\รง\ร\รญ\รฏIVnM\ร}[รฒรยยsย%\รฉยC^ยฆsรพJ\รจ4ยต\nยฟ\รDยซรน\ร\ร?>7รย~รพ\ร\รฆ\รฉยฃCcย{Sยยฌรย)\รGยAu\รฅY\รรฟรต\รฆ\รคยญ\'ย}ย\รรณย5\ร_รฝ0yhKยฒ\รฏ@รยง\0ย2ยรณ\รขt\รtรยก:\รงรพรธ\'>รฑยq&hยยe\0รยe<0o\รยผ\รญย9sยพcรยUeยช\รฎยกfรถg\รฏรยยพรฒh>hHยรs\รcยตQรบยผ\ร%ยฟvVr\รญ\ร>\รK[ยท3รน\รรฒ\รค+ยซยผยฑ\0ยฌ\ร#ยsยOยฎGr\รรฑeยยฆยบvw\'qรฒยฏยรยย\ร1il\ร<รดร\ร.รป PKย,ยยฒrรยยt\รaH1ย\ร\n$รย\รญ\รญyรฐรgรย1\รฃ^C:3fnย?37~รถ\ร|hร}รนยยพรยlWwrรทยZ#รฝยGย\ร9/9kBรฒยc\ร>YยฒeO\รญยชรถ\ร~ยlรดยฏ\0ร\0ย<.รนรย\รค\รSยฝu^ยฏ\ร/รผ\รr\รฎรท\รง@\ร\รชHยy\รฆ\รง\รรยeยชรpNยซpย;ยQ\รง\รฎ/e\รรธ	ยถรพรรผรน~R\rrรยnDยAvรถยdรถ\ร\รค7ยฆ%ย\ร&\ร9ยธ?รพยณ{ยยI\รฎx2y|[ยฒ\รu\รญ\0ร\0ย<.ยนรบ\รฌ\รค\ร\r\รงรต\รรยยฌz.ยนfยก\รกhYยsยจ\ร!รยต7b8wย;MรยNe4p@OยyI\รขZwhย%3\รฅยบรถ|รยต\รฎPย3ยI.?#ยน\รยค\รคย\ร%F\'G\รรธg\รรณรยN\รฎรยรผx[รฒ\ร\ร\รรฟ\0\0ย\ร9oยmรปยยฟรบยก\ร9รยฒtรยก:\รงยฏรยNSsย;ยญ\รช\'รยบ\ร\ร\รรพC:7{bยญยฅย\รฅyยฒ3รน\ร\รรพxรธรฐ\รคยขSยยทยยยul2u\\r\รQรย#ยqยฃยรย\รรฐยรนยญยSรปรพยฝ\รkF$&ยv\'Ot&>ย<รน\\ยฒ|Kรฒ\รฌรณ\รรถยฎAรฟย\0ยดยยพ\รรน\รยยO+รป4รยฅsP\ร;?\ร>Tย\รซ\รietZย>:4ย>:4ย\ร\รdรยบ\รWย#ย\'gW{SรฝยจยรยพรยQIOjWยฑw\รฌNรยLย>\"รยตยฟ\ร5_ยฝ=\ร\ร[\รรฟ\0ยย\รฉยยงs\รยบv\รจ/\ร9รยกรย\รญรยถ\รฅ\รรถรถyOยญ^}\รฆo\รค#_/รป@Pu/1ยครยกdรป{ยยk_\0\0\รJ\รงยผ8ยs\0\ร9รยฃรยsยจยฌe\0\ร\ร\ร\รรย\ร\รf\รรถ\ร\ร\รฅย\ร\รรย%ยSยฆN\ร2ร?yยณ&fy\ร\ร\ร~OGf\รฌ\รจรย$c\ร>\0\0\ร|รยJยฎยย|รพ]\ร;ยง\ร\ร3รด\รรยฎ\รค3รท&ยยพ\รxยดยฌยยถSยฒxรย2k\ร\ร,/รป0P_ยฝรน\รฆKยพยฝp\รก%]]]ยฃ38\รฃรน\รญย-ย\รช\รข\rtรธyรบ\รจ\ร`รบ\รจ\0\0ร\ร\รฉ\รซย`zrรฑdoย\รK\รงยรถ\รรน7ยฎ\ร\รฌ\รยณยฆ\รฌ\ร@ยธยฎ^ย^ย>:4ย>:\0\0p(ยรณ\รขรถH\รฎZยงsยด4รยตC?=รฒรฐ\ร\รฃ\รฏยนรป\รฎK\r\รงรฐ\ร\รจรฐ\รชรดรยกรรด\ร\0ยยตMย\\:)ย;\รp^/ยsย\รpรพรพยณs\ร\รงรยOย}ยจ\nยsxut8|\ร>รตรยผOรย;รยต\รฎ\รรณg\รฆรยถยยน\รซยบรถ|รยต\รฎ\0\00รดยยรยย\\ยฑรกยผย\ร\รรยรปยรย0ย-ยซยฃ\รญย,^xeยฎ-รป P\ร^ยธรฐยผย+V\รx\รกย\รsxt\รจ}th0}t\0\0รบt\รC\รงยรถ\รรน\rsr\รญ\รรยฒยธ\รคยณ@%\รจยCรฟรยก>รบ\รจ\ร`รบ\รจ\0\004\รฉยยงsยsรฝยฅsรต3ยC1รบ\รจ\ร`รบ\รจ\0\004\รจยยงsยsรต\ร9ยbFย}\08\\ookkK2ยง\รฌsยผย9\ร;;ย/jooยtNย:uK\รยยชย51\ร\ร&\รฆรถ{:2cGWF$[รถย\0\0ยW7~T2\รงยด\รค\ร\รฏI\รwf2รฆยยฒOTMยปยปย\รรยรผ\รย\รง@\ร\รชh;%ยW|(ยณ.ยยยป\ร>Tร\ร%Kยฆ|k\รก\ร*ยผu~GรปยขE\ร\ร>ยผoยC\รฃ\รจยฃCย\รฉยฃ\0@ยตยผ\รฉย\รคยฃo\ร9/B\รงรu\รญ\ร_:\รง\รXth<}th0}t\0\0hn:\รง\ร\รญ\รฏI\ร\ร\รชย-\รpup];4ยย>:4ย>:\0\04ยรณ\รขzzยย[uรยยรย$mยงdรฑ\ร+smรยยยช8d8Oย\รง\รPtx\ร>รตรยผOรย;รยต\รฎ\รรณg\รฆรยถยยน\รซยบรถ|รยต\รฎ\0\00รธรยJfOLยฎยฟ\รp^ย\รซ\ร\ร1il-\รกWรถAย*\\\รรยยC\ZL\0\0\รqรย\รคc\รง\รซยa8p];รดย\รกยย>:4ย>:\0\0ยรณ\รขt\ร\รงPยs\\t(ย>:4Xรย~]{รพรธยUรนยญ\ร\0ย!Nย\\vยบ\รy=ยฝIgWr\ร\รรฝย\ร>\r@)tรยก:\รงPยe\0\ร\ร\ร\รรย\ร)รป\r6g{g\รงรฒE\รญ\รญmรย\ร)Sยงn)รป@Puรฏยยรย\รf\รรยญ9cGWF$[รถย\0\0ยยรยJรฆยย|\รฅรฒ\รค}g&cย(รปDรยดยป;รนรยฝรยผ\รฏ%?~ยฎ\รฌ\ร\0ยยขc\รรยฌYรป;ย~รตยด|ยญ\รฌ\ร@,]ยฒdรยท.ยผรดยยท\ร//รปL\rvGรปยขE\ร\ร>ยผoยCรนรดรยกรยฎยย\รWO\รG\0ยzยนยฎยฝยธ\ร\รรยญย&รณย\รซรยย\รฅยบv\รจ\'ยshthรบ\รจ\ร`รบ\รจ\0\0\ร?ยรณ\รขt\ร\รงPยshth>รบ\รจ\ร`รบ\รจ\0\0รฐ\รtรย\รซ\รซย\ร]ย\รรพxรยง(ย\ร9\รA\รงยย:ย1D\รจยฏD\ZL\0\0^L\รงยผ1\รญยรยฟยฉ\รฌ\ร\0ยB\รงรบยฉ:\รงยฏDยยฆ\รฆ\rthnรบ\รจ\ร`รบ\รจ\0\0P\รฃยบรถ\รขt\ร\\\รรฝยฅs\รรยรยย\rยฆย\0@ยซ2ยยงs`8ยz\รจยC5รยกZรดรยกรรบยรด\รn\ร\รK;rQย\รจ\0\0Q\รฃG%Wยยฉs^D_\รงรผยฏHn\รxยด$ยsยจย\ร9Tยยชiรรยงยยรทรยนs\รงยบ\ร\Z\รฃรยฏรยตยทยฎ\รE\รฎรยยบ\ร\0ยยกdรด\รd\ร\รค\รครบย\r\รงE\รฌ\รฎNรพ\รขรพ\รค_7ย-ยซc\รรยฌyรจยย]รถAย*\\\ร\รd@ย\รช\รGย\รG\0`ยจq]{q:\รง\0ยฎkยรพ2ยCยตรยกรบรดรยกรรด\ร\0ยจ:\รyqรป{ยU\ร%\ร,4ย-\รpu\ร9ย\รช3ย\ร\รรฑย>zgg\รงย_ยฝ\รชยช\รฏย} ยจยบยพ!รฝรยยฒdรฝ\ร$Ft\0\0ยย\รyq:\รง\0:\รงPยs:\รจ0รด,Xรถรรณย=รฐร\ร\\\รซยรฑ\ร]\รซ\0@s=29รทรธ\รครบw$\รง_รถiยชK\รง@\รงรบ\รu\รญ0รด\รah\รGยsยญ;\0\0\ร\รu\รญ\ร\รญ\รฎN\รฎรย\รรฝย\รกhYยฎkย~2ย\ร\รe@ยยก\รญE}รดย/ยน\รคยoy\รซ[ย)รปPPe/1ยค\ร\0(\ร\รคq\ร\รg\'ยn8ยฏย\ร9ย\รก\รชยกsCยZรย\รญรยถ\รฅkรฟรฒ/รณรยฎYยณTยย?37ยถM\ร]รยต\รงKยฎu\0`0\รฉย7รยถ}\ร_รฝP\รงhY:\รงPยยฏ\ร|รณ%รยฏยรฒ\ร7ย\รง0Dรยกยต\รจยฃCรยXkย\รฉยฃ\00รบ:\รงs/H.>ยญ\รฌ\รTย\ร9ย\ร9รดย\รซรยกยตรยกรตยผ\รจZรท3f\รkHยbรด\ร\0h:\รง\ร\รฉยยธยฎรบ\รpยญรยยญkรรถm\รrg{รปยผ|p\รฆยW]รต\ร\รN?ยฝยท\รฌCAย\รฉยฃ\0\รh:\รง\ร\รฉยรยก:\รงรยบ\รจรย\รญรยถ\รฅ?รฟรน\รฃ\รrรพรนรบ\รจ\ร\0รบ\รจ\0\0ยฅs\ร:\รง\0\รฉ\ร9ยรพรนรถรย\รงยญ\\ยฑb\ร\ร4ยC2ย}รดรยกยรด\ร\0ยจG_\รงรผรยย\'\ร\รซยฅsP{\รซรผWdรถ\รฌยYSรถaย\n\\\รรด1ยย\รGย\รG\0\รp\รฉยยทรท@r\ร:ยsยยฅยนยฎรบรฉยย\ร\รw_j8รบรยยยขย\rยฆย\0ร\ร\ร9/N\รงย6ยยฟรฟ\รฌ\รรดยนw\รฆSeยชB\รงx)t\รยรผยคย\รฎZwh}t\0\0รบยยรยย\\ยฑรกยผยย]ยต\รซ\รuรยยฆsรฝ\รคยบv\รยรยรยฑ\ร\รรถรถ\ร\ร\รรพC:ยงย\0\ร\รt\รC\รงยรถ\รรน\rsr\รญ\รรยฒยธ\รคยณ@%รย\รa@ย>:4ย>:\0@\รซ\ร9/N\รง@\รงรบK\รง\รจ:\ร_/\รชยฃรฟรรผรน~ย\รฉยฃ\0}ย\ร%ยNJ\รฆ\ร4ย\รK\รง@\รง\รชยกsรดรยยฒ\0ย\รซ\รญmmmI\รฆย}~bรยพยฝ{ย.jooยtNย:uK\รยยชย51\ร\ร&\รฆรถ{:2cGWF$[รถย\0\0(fรผยจd\รiรยรยยผ\รฏ\รd\รeยยจยvw\'ยยฝ/รนยณรยย\ร\รvJยฏรธPf]65wย}ยจยยฅKยLรน\รรย\ร:oNwยด/Zยดยฌ\รฌCร\รรฑ:P\รOยฎu\รGย\ร\รG\0:\รtBรฒ\ร7\รซยยกs\รยบv\รจ/ยsย(:\รรบ\รจ\ร`รบ\รจ\0\0รยฅs^\รรพยยค}ยญ\ร9\ร\ร\รงPรยตย`@\Z\รฉ\'}รดยงVยฏ>รณยท?รฒยยฏย} ยจ:}t\0ย\รช\ร9/ยฎยง7YยนU\รงhi:\รงPยCยรณ\รxd@รยยตO=5\รฏยs\รง\รuยญ;4\รรผยยนยฑmbรฎยบยฎ=_rยญ;\0@s?*ย=1ยนรพb\รyยฎkHรยคยฑยตยด[\รยยชp];0\รจร@\รGย\รG\0h>:\รง\ร\ร\\\รรฝe8ยhรบ\รจ\ร`รบ\รจ\0\0\รฅ\ร9/N\รงรpรต\ร9ย,รบ\รจ\ร`รบ\รจ\0\0ย\รฏ\ร1\รeยง\รซย\รรยtv%\รรยรยฟยฉ\รฌ\ร\0ยยข#I\รN\ร\รขยW\รฆรยฒUยกs:0\รรดรยกรรด\ร\0ย\รycยธยฎ@\รงรบ\รu\รญร`3ยe\รGย\รG\08gMH>vยพ\รyยs\0รยตCรยยฒรย2\รฉยฃCย\รฉยฃ\04ย\รyq:\รง\0ยsยจย\ร9P&:\รรดรยกรรบยรด\รซ\รรณรยทยฌ\รoรย\0p\รtรย\รซ\รซย\ร]ย\รรพxรยง(ย\ร9\รA\รงh#\ร>\0ยฎยทยทยตยต%ยSรถ9Psยถwv._\ร\ร\ร6,\รฉย2uรชยยฒUรท\รฎยฉY<ilยยญรย3vteDยยฑeย	\0ยYยย\ร9-รน\ร\รฅ\รรป\รL\รQรถยยชiwwรฒย{ยy\รK\รฎ\รTรถi\0J\ร1ilรยฌรฝยLยฟzZยพVรถaย\nย.Y2\รฅ[^z\ร[รงยย}&\ร\รญย-+รปรฐrยผย4}thยฐยซยงeรฑ\ร\รรด\ร\0^ย\รซรย\รรย\รรบhรฒ7ยบยฎhYยฎkย~\ร9ยยhVรบ\รจ\ร`รบ\รจ\0\0?\รp^ย\ร9ย\รก\รชยกs4+:\ร\รฌรดรยกรรบยรด\รn\ร\รK;rQย\รจ\0@\Z?*ยน\รขLยรณ\"รบ:\รงรฝ@rรป\รsย%\รฉยCtรยfg@ยชbรรยงยยรทรยนs\รงยบ\ร\Z\รฃรยฏรยตยทยฎ\รE\รฎรยยบ\ร\0hยฃG&s&\'\ร_l8/bwwรฒรท\'รฟรบยธ\รกhย\ร;ย\0\0 \0IDATYย\รf\รC\ร\รฌยฒU\รกยบvย*\รจ@ย\รจยฃCย\รฉยฃ\0ยญ\รu\รญ\ร\รฉยยธยฎรบ\รpTยยจ\"}th0}t\0`(3ยยงs`8ยz\รจยUd@ยชL\ZยฌoH?รทยฆ,Yยฟ3ย\0ยจ0ยรณ\รขt\รtรยก:\รง@ยรยยก@\Z\รฌยกยบ\ร\0ยจยฎ\ร#ยsยOยฎGr\รรฑeยยฆยบt\รtรยกยฟ\\\รt`ยจ\รGย;รดZwC:\0Pยฎk/nwwrรทรยต-\รu\รญ\รOยs`(1ยCย>:4\รKรดรย\รจ\0@\ร1ยยทยฟ\'Yรต\\r\รB\ร9รยฒ\รงPยs`ยจ1ยCย>:4\รรผยยนยฑmbรฎยบยฎ=_รฒ6:\0\ร,tรย\ร9\ร9ยz|รต\รฆย/รยฐ~รฝยยพi<ยยe\0\ร\ร\ร\รรย\ร)รปTรยรญยย\รยตยทยท\rK:ยงLยยบยฅ\รฌAยMย\รญ=/7%รยพaWย\รรยIรย}.\0ยรตยย\รx]รฒรงยฟย|\รคยผd\รeยยจยvw\'ยยน7ยรทยฝ\รค\รuรยฎ\รฎยฒO0\รจ:&ยรยยตยฟย\รฉWO\ร\ร\ร>Tร\ร%Kยฆ|k\รก\รKยทl\ร|Rj\รรน\รฅeยยรยนยฃ}รยขee^ย7รยVยย\rรถรยบ\'\รH\0ย\รซรย\ร9p];รด\ร#?<รพยยป\รฏยพ\รu\รญรPg@Zย>:4ย>:\00ย&ยKยฎ>;รนรt\รyยฝt\ร\รงPยsยยรยVยคย\rยฆย\0$ยรณ\รรยถ/รนยซ\รชย-ยญC\รงรบ\รง\รยยทrรย/|\รxยด\rt*Cยยย\rยคย\04Z_\รงรผ.Hยฎ=\รx^ยฏ\ร\รรยงย\ร]ยฌsยดยฌย$ยปยพqEfรฟOoย\รa\รฉ\รซยoXยฟรพรด\รจย\รx\Z\รจ45oยยญN\ZL\0hยรณ\รขรถH\รฎZยงsยด4รยตC?\รฉย\รรบยผยจย~รฑ%ย|รณ-o}\รซ3e\nยชL\0ยจย\รyq:\รง\0ยsยจย\ร9@ย\ร\รlรยถ-_รปยยยทvรยยฅยฟz\รU\ร/รป@Puรบ\รจ\0ร\รก\ร9oยย]\ร_รยฏsยด4ยsรจยงยฅKยLYยนb\ร\รฃ9@ย\รยฅ-Xรถรรณย=รฐร\ร\\\รซ\รรยย5}0ยณ?{o>รดยGรณAC:\0\รgรด\ร\รค\ร\รฃkoย_<\รx^ยฏ\รรยต\รกรผ_7ย-ยซ#Inยยkยฏยย\ร%ย*รpรฐ\ร\รจ\0/O\ZL\08ย\รyq:\รง\0ยฎkยzยธยฎ\ร\รฅ\ร^ย>:4ย>:\0ยดยถ\ร\รฃยK\'ยนยฎยฝยsย\รpรพรพยณs\ร\รงรยOย}ยจยCยรณ\รxรฐย\รจ\0ยO\ZL\0Z\รรธQ\ร\รฌย\รรตรยp];ย\ร9รดย\รซ\รยยรฟรดรยกยรด\ร`\รจ\ร9o\ร9ย\รซรยกยฟ\รง\0รฝg@ยจรยยฎuย1cรยฝยt(F\0ย&ยรณ\รขt\ร\รงPยsยรบ\รยYยฐ}รยถ\ร\ร\ร>\รฏรยy\รฅUW}รฑยด\รO\รฏ-รปPPeรบ\รจ\004\รจย\รรยยฌรยชsยด4ยsยจย\ร9@1tย\รXยฐ}รยถรผ\รฃ\รง?\ร[\ร?_\Z@\0ยชI\รงยผ1\\\รยsรฝ\รฅยบvย\ร0ย4ย>:4ย>:\0TรยNH>รบfยรณ\"\รง\0ยฎkยรพ2ย4ยยรฑรดรยกรรด\รยยน\รฉยยทยฟ\'i_ยซsยด4\ร9\รA\รงยรฑ\รจ\0\รงE}รด?ย?รย?(Hl\'ยI^wTr\รฌย\รqG&รยK^LรฒTgr\รขkยQรยยI\ร\รฎHvt%ย]รยชยญ\รรยปยย\ร\รรณรยต?Cรยcย\รN\ร9/ยขยงยทรถรทยk\รฎH\รฎ\รTรถi\0Jรย$ยฎkยรพ\ร98tยยยท`รปยถmรณ>9w\รฎ\\รยบCc\รจยฃ\รฅ\รย3\ร\'o91ยนdr2yl2zd\รรป\ร\n>|\ร\รกรฝรท\รฌ\รฏMยถ<ยรผ\ร\รฉdรยรยฟยฎรยlรยยดยจ3\รจย7ย\รซ\ร\ร1il-\รUรถAย*\\\ร0รฐ\รจ\0ย\รฃ\'รยบ\ร\ร\รรพC:ยงย4\รยยซuย\รOรณยuยธ\รyย#ย\'\'ย\\qV\รญ+Ivu\'ยJ\รฎ{:รนรย\รXยถยฟยทรธรนaยฐย5!รน\รรน:\รงE\ร\\\รรฝe8<รฝรผe (\ร\'>รพรฑยนyaยย!`\รรธ	ยถ\รชยฃC\รฃ\รจยฃรฝqรดkยNJรพ\รฏยถ\รคยcย#รนยทรทรด&\ร]ยรผ\ร\รรยงย\r;รบย;4+ยรณ\รขt\ร\รงPยsยยรผยรธรยฒ/รยNe\รยขรฆยย0aยซ>:4\รu\รญรน\รฃ[V\รฅยทbD^รย#ยยทยผ.ยน\รช\rรยฅยง\รรบ\รeรยฐ+ยนk]รฒรย%รทl,รป4รฐรณtรย\รซ\รซย\ร]ย\รรพxรยง(ย\ร9\รA\รงย!รยNSQรถ\รpยฝยฝยญยญ-รยยฒ\ร\r6g\รรยฝKยตยทยท\rK:ยงLยยบยฅ\รฌAรยฝ{jO\Zยe+ยท\รฆย]ยdl\รgย\ร\ร$รยรผรทยท&3ON^รปยยฒOT3nTยญยฝรพย^_{+รพ\รค1\รรฝย\ร>\ร:\รงsNKยพryรฒยพ3kยฟยรพ\รรย|\รฆ\รd\รรทรผยต\rยดยฌยIcยณf\รญ\รฏdรบ\ร\รรฒยตยฒUยฐtรย)\รZยธรฐ\รC\ร:ยฟยผ\รฌ3Aย\รรยพhรยฒยฒ/รยNe\ร\ร\รฆ$ยยณfรต\รชรตยthย\รฉ\รg\รญG\ร\รMIยถoรยc\r\รฉ\ร\ร^3ยขรถ\รรน?รพRr\รก\ร\รQM:1ยข6รฒยฟรฝ\ร\รคย)\รSย\รรยฝ\รยtJ0y\\2รฟ\ร\รคwgx\รซยผ^ยปยปย/ยฎL>รผย\รคยปkย]\รeย`\รu$\ร5\รฏ\รรผ\รก-\รฏ\ร\รฏย}ยจยยพ\รกรผ\ร\รย\ร\ร\รรต\รฅ\รยบ\รจ4ยตA.รฝรฐ\n$รย\รญ\รญyรฐรg\รชยฃCqรณg\รฆ\รรน3sยฃ>:ยดยฎ\รฃยJรพรยปkoยยซHรj\รรฐ\รคยยoรพZrรปc\รรยซย>c|cp\รจยยงsยsรต\ร9htย\รฆยณ`รปยถmยนยณยฝ}\รSยซWยรน\รรน\ร\ร\ร>T]รย~\รmยนyiG.ยZ\ร\รจยรยงรยยผรนu\ร\ร\รรปรยช}-รยรผ\ร}\รรยยฒO\รPยฅs^ย\ร9ย\ร9\รC\รงยรนยธรย\รpย;-h\รรถ\ร\ร\รฅยฎuยรยนfZยพยฆยยญ\รกยฌ	\รรยรผรย\ร\รฎUwรยธ\รคยฝSยยทยยlรยยฌ\รYรถย*FยL~yย\รyQ:\รง\0:\รง\ร_:\รงยด8Wยธ\รรยร/%\ร*\รจยด(}th0}tรบFOรพยฐ-y\รฏ\ร}รณรผยฅย\Zยยผรพยdรยฉ\รรฐa\รรย}=eยย*ย<.รน\รค/\รจยยกsยsรฝยฅsI\รจ49WยธTย>:4ย>:]ยยรผ\รขยฉeยb\รยztรฒgยณยwยยรผรฝรฒ\รครปย\รญ]eยย*\ร9/N\รง@\รง\รชยกsP\rtยj\รGย\รซ\รรยฝ)K\รรยฎD6ยขC\รรฝ\รยตยyยจ{\ร)ยตยฏยฅรย{ยยป7ย}\"ย\รรธQ\รg\รชย\ร\ร9รฟ\รซยรย0ย-I\รง\รชรฐรยoยพd\รรบรตS^รธยฆรฑยรยนรย\รpย;ยผย>:4ยk\รah8sBรฒยฑรณยยฃZยจ\รฃ|\รช\ร\รคยฒ3ยยณยMvu\รฉยฃรณรณFยLfยผ.รนรขยปยk\ร\ร9ยฏรยกยรณ;รยนยฎhI:\รง\รO}รยตoรยผรนยค\รจยรยก\\\รกNS3ยStรธ9รบ\รจ\ร`ยณ&fยน!ยช\รญยI\รUoZ\รญรณ\ร1jDr\รq\รรดjยฟy@ย>}ยรณยน3ย)\รฃ\ร>M5\รญ\รฎยฎรต\รรฝยsยe\รฉยC?\รฉยรยซ2ย\ร\ร\\\รกP}รบ\รจ\ร`/\รGwยญ;Tรรฐa\ร[ONยบzjoรยถยขsย\รGยงFรงยผยธรฝ=รยช\รงยkยบยชhY:\รงPยsย\รชk\ร_Vยรดรยกร\รฆ\รรยms\รu\รญรน\รรบยยC:4ยฝ\รญรปZw<?\ร\รNI\ร9>YยนEยฝ\ร\รจยยงsยsรตรธรถรย\รงยญ\\ยฑb\ร\ร4ยTย+รยฉWยธ\รa\รGยย<6\ร]\รซ\ร0lX2ylรฒรยงย}ย\รฆ0j\รOรป\รจ\'ยฝ6\รฉ>ยย>ยรตu\รรฟรผยยยยงs^/ยs\0ยsรจยฏยพ\รซ\ร7ยฌ_zt\ร\รกpยนรยยฆf@ยง2\รจ\ร/รบ\รจ\ร`ยรถ\ร\รฏ\รฉ\รรนIvรยM\รฅ`ยยณ&$o?\ร[\รจย\Z5\"ยqยข>รบPvh\รงรผย\รฃ\ร>M5\รฉย\รจยC=รฒรฐ\ร\รฃยฟ~\รm\รฏ\ร9ยยบ\รijt*รยuรนรยยพ\รฌร\ร\รชรยปยทรย\รรยย\รฅรณg\รฆ/รณ\ร!รยMd\รญ\รรคยชยณย	ยฃ\ร>Iรณ9\รกยจ\รค\รข\ร\ร\'%;ยปย\ร{\รฉU7y\\รฒ_\รKรพยยยยถย\ร:ยฏ\รรพยd\รฅ\ร\รครยท%_\\i8Z\รOยรณยW\รฆ?รยย\รฅeยช\ร7\รp\รฅ#+Vยผ\รpu3ย\ร\ร\รจTย\nยยณo\รฏ\ร_YยณzรตรบรยซWรฟยรณ\รรฟq\รยยชย51\ร\ร&\รฆรถ{:2รยต\รฎ\ร<FOย=2yรณ\รซย#ยย}ย\รฆt\รช\ร\รค\รรย\รยย;]\รซ^E\รฃG%\รLK>รฟยฎ\รคยS\รงรตรยถ/Yp_รฒ\รฉ{uรยย\ร\รvJยฏรธPf\ร\รกรฐรด]รยพsรยรฑ\ร9ย\"\รจ45:ยa@ยย\รGย\รGย\รฆsย7yzwrรยฉ\รรฑGย}ย\รฆuh}\รรยฐรยซ@\รงยผ1vw\'ยรพA2wยฑ\ร9รยฒ:ย\รฌรบ\รยรฝ?g\รฆรยฒU\ร7ยยปยฎ\ZรยNS3ยSth}th0}th.ยรปย{:ย+\รJย\รBEยฃF$o;ยฅvรธ1ยฃรตรยย\รyq:\รง\0/ยพยฎ}รฒ\รl/รป@\ร\รฌt\รaร\รijt*รย\rยงย\rยฆย\รc\รรพ\ร\รฎยยยpยรปยซ:uยฌ>zยณ\ร9/N\รง@\รง\รชยกsรยNS3ยSt0รบ\รจ\ร`รบ\รจPยพย\ร\รคยพMรยธQ\รยKยรฐ\ร\รงยฐ\รจยฃ7ยรณ\ร\รรย|\รฆ^ยsยยฅ\รฉยC?\รฉยรย0ย\ร\รรผ2ยa@ยยงย\rยคย\รฅ\รซ=ยยฌรย<รยรผรฒ\รฉ\รรฐaeยยจ\Zรบรบ\รจยณNM&ย\รGl}ยรณ?ยธ ยนรถยรคยยฃ\ร>Q5รตu\รรฟ`ยฑ\ร9รยฒ:ย\รฌยบaNยฎรฝ\ร/\รฆ/\ร>Tย\ร9*:MรยNe\รaP\รจยฃCย\รฉยฃCยนรถHยรยt\รฌยฎ]=\ร\'ย\ร6nย>รบ`;ยดs~\รก\ร\ร:ยฏ\ร\รIรป\Zยsยยฅยฝ\รจยบรถ\รฉ\รgm\รย*รธ\ร\r7\\i8ยAe@ยงยฉรน\รฅ#*รยยJ\ZL\รsย7yhsยฒiw2รฝรธdรผ\รจยฒOT-ยรถ\ร7\รฎLvt\รmรฒยธ\รค\ร3kรยต\รซยรยงยฏsรพKรฟยขsยดยฌย$ยป\รvnZrM\ร\รซยบv8<_ยธ\รกย+\รฏรบ\รฎw\ร\ร\ร\ร5:ยฎkยรd@ยงยฉรยฉ:ยB\ZLรยณ\รชยน\รคยK&ยM\รplรยงยฉยS\ร&ยยยกย\รH\รฃG%sNKยพรผย\รค}g\Z\รรซยตยป;รน\รฌ}รยรฝ@\รงhY?\รฉย_65wย}ยจยย\รจย{\รซยยยฆf@ยง2\รจP*}th }t(\รรรยฎw^ยด.1ยผรถ&รบqGย}ยชjรน\ร>รบยยฎ\รค\ร=eยยชz\รญย\รค<ยรณzรตu\รรฟ\ร]ยฎkZย\ร9รดย\ร94\r:MรยNeรยกtรบ\รจ\ร`รบ\รจPย\รฎยdรฑรบdWWmD?รนยต\รรฐaeยยชZรบรบ\รจgMยจรฝยท~ยงk\รย\รyq:\รง\0:\รงPยsh*tยยย\ร0ยC\ร\รGย\รGยr<รฒ\\รฒยGย}ย)\รฃยqยฃ;zรฟย:6yรท\รฉรบ\รจยCรงยผยธย\ร\รค\รก-:\รง@K\ร9ย:\รจยCS2ย\ร\ร\รจTยยย>:4ย>:ย\รฃรพM\ร7W\ร\ร\ร\ร\ร>M5รตรตรยงยlรยฃย~(ยรณ\ร\รรย|\รฆ^ยsยยฅ\รฉยC?\รฉยCS3ย\ร\ร\รจTยยย>:4ย>:ยcgwrOG\รญk\ร\ร\ร\รฅรดรยจ\ร\รซยรนi}รฝoยคยทยฒ7ยยรยยฉs^ย\ร9รOยฏkรฟ\ร;รณยฉยฒUยsย`@ยงยฉรยฉ:45}th0}t(\รรบย\ร\รงTรป\รฃIc\r\รฉรต\รจรซยฃยฟ\รฉย\ร\รญยฃOยรผQ[รฒย_\ร9ยฏ\รรพย\รค;:\รง@k{Q\รง\รu\รญpxtรยก2\รจ45:ยa@ยJxQ}รดยจQยN:\รฅย\รe\nยชL\รqO\รOยรดYยฎuยฏK+รถ\รuรย\รซ\รฉMยถ\รญK~\รกfยsยeu$\ร\รw]ยป\รกย\ร9Tยยยฆf@ยง2\รจP)sรถ\รญ\รรป+ยยฎZยตe{gรงยฐยณ\รรธ\รรตeยชN\รqOGr\รซยช\รรธkHยฏO+รด\รu\รยฃยฏs>\รฏ{:\รง@\ร\รชย46k\รรพNยฆ_=-_+รป0P:\รงPYtยยย\ร0ยC%\ร\รรดรดรยยน\ร\ZCรยกย^\ร\รรถ\ร\ร2t\รF?kBรฒรยท\รฉยยกsรฐ\ร\รซ\รoyo~ยฏ\รฌ\ร@\รจยC\รฅ\รijt*รยยยฅย\rยฆย\รฅ\รG/ยฎยฏย~รI\รรยฎdรณย\รช\รฉ}ยรณ?l\ร9ยฏย\ร9ย\ร9\รC\รงย:MรยNeรยกรฒรดรยกรรบรบ\รจwe\ร\ร[rFย\รจ0(รดรย;ulรฒยซgVยณย~\รขย\รค\รรยs^D_\รงรผรยฏ\'ยป\รpยด$ยsยจย\ร9)tยยย\ร0ยรยยกย\rรถ\รฎยฉY<ilยยญรย3\\\รซยGยฝยธ*รต\รรป:\รง_ยน\\รงยผยC;\รง?~ยฎ\รฌ\ร\0ยB\รงรบI\รงย$:MรยNe\รa\ร\รGยย~|\ร\รชยฃ\ร\ร\รG/\รฎ\ร>รบรฐa\รรย\รฏmรด\ร\รฃยรน&ยฟ;C\รงยผ^ยปยปย/ยฎL>รผรยต-K\รงรบI\รงย4:MรยNe\รaHzรยต\รฎ]{รทvรยก}t(ย>zq\รฃF%Onยฎ>z_\รงรผOfยปยฎยฝ^ยvรยฟรถยธ\รกhI:\รงPยsรฒ\รจ4ยตae\0\ร\'>รพรฑยนIย}`@\ร?a\ร\ร+ยฏยบรชยยงย~zoรยยยก\รยฒ\รrรณรย\\ยรคยยฒ\รยญdรย\รรผยeยยขรยv$\รฎM\รฎ\ร8รธ?รถยcย\รNO\รฆ\รรด\รyยฝzzยรยฎd\รฎ\รข\รครถ\ร\ร>\r@):ยยค\รญย,^xeยฎ-รป0P_ยธ\รกย+_ยธยช=\ร9ยยก\รฌ\รรฟ\ร\'รพยฑ\รฌCร\รรฑ:ย\รก\rth	sรถ\รญ\รรป+\รx`ย>:4\ร5\รรฒ5}t|รบ\รจ\รรตรต\ร\รz\ร\รรต\รGยL~yย\รyQยv\ร\รฏ\รTรถi\0Jยกsรฝยคs-\ร\รจ45:ยa@ยยยขย\rยคย\รฅ\รG/n0รป\รจย\ร%ยรผยรณ\"t\รtรยกยฟtรยกe\รijt*รย-G\ZLรยกย^\ร@รถ\รuรย\ร9\ร9ยz\รจยCK3ย\ร\ร4รยฉ\rthyรณ\รOยยฐรต\รฆรยฟยฑ\รฌยรPยกย\รฅ\รG/ยฎ}รดรฑยฃย+\ร\ร9/ยขยฏsรพ\ร$ยท?ยt\รฌ*รปD\0ยN\รง\รชรฐรยoยพd\รรบรตS^รธยฆ\ร9ยด&\rtยย7รยฉoยCรยยณo\รฏรยฅยฎuยรยนยฆ\รctยญ;2}รด\รขรบรบ\รจgย\รฌ\รช\รช_}รด\รd\ร\รซยoรพย\รyยv\ร\รฏ\\\รงยญsย%\รฉยC?รต]รยพeรณรฆยยขsยญ\ร\รจ45:ยa@rรยต\รฎยthยCยฏu7ยค\ร\ร\รG/nรย\รคย\รฃย\รฉ\'$Gqx}รดยพรยนยท\รรซยทยปยป\ร7รฟรต;tรยยยฅsรฝรด\ร\รยรฟรบmยทยฝ\รu\รญร!\รจ45:ยa@ยกย\rยฆย\รฅ\รG/รฎยยฃ^ยฝยยฎs^\รรพยd\รฅ\ร\รครยท%_\\i8Zย\ร9\ร\รก7\รp\รฅ#+Vยผ\รpรผ:MMย\ร\ร@^ย>:4รยน7e\รรบยย}tTรบ\รจ\ร\รG\ร9/N\รง@\รง\รชรฑ\รญย\ร[ยนbรยยพยฉsรผ,\rtยยย\ร0ยยฏb^ย\\2g\ร\รwรยยณยช\รฌ\รรPรฐ\ร{รณยกยฏ<ย\Z\รapยztrรต4Cz;ยปยยป\ร%S\ร\'\รง_รถiยชkwwรฒรท\'รฟรบยธ\รกhYย\รf\รC\ร\รฌยฒUยฑtรย)+Wยฌยยฑsรยรฑ1ย/รยNSsย;ย\รก\nw\รU\รจยฃCยยน\รรยกย^รยจ\รยMNSรถIยชI\รง@\รงรบK\รง\รจ\'Wยธ\ร\ร\รจTย8Lรบ\รจ\ร`ยณ&fรนรผยรน\รรผtH7ยข\ร \รGgยฐ\รฉย\รจยC=tรย:\รijt*รยรดรย}{รทรพรยรยซรยฏ^ยฝรบรธยทยรพย\ร>TรยฌยY\ร61ยท\รรย;ยบ2\"ยtรทtรผtHย5ยฑรยณ0tmรย,ยธ/รนรดยฝยฎkZRGย]mยงdรฑยeย\รก\ร\ร%Kยฆ|k\รก\รK]\ร\รรยNS3ยStยNsยถwv.wยญ;4\ร\รคยฑ\ร\รwยญรปย]9รยยรงยย\รค\รUยต7รยง\รซz\ร ยปยปยOรฟ ยยป8ยนsยยทรยยรย$ยยฟยยWรฟรฟ\รฌ\รkp\รรทย\รฏรนOw\รซรยบยท.ย.\\ย\0ยยAยยยoยธ\รญ$\ร\รฆ8Qยย\รรณรยL9ยณย\ร>\รq \รฅยlmรถรฌยยฉยญ\ร\ร\ร9rMqยฒx*\รฃL6\รq%ยย\'\ร\ร\ร<\รฆr\ร\รรธยฆ4`รยดn\รj]รทH\ร8\รช\รฎยฟรดรปรฟยบรยฏยชTยง&\รจย9Ucยยรฟยฟรท*ยฝhรบรS\ร9รยตH:\\ย\ร`@ยรบ\รจย\ร\รจยฃfยHรฟยบรพยผรป\รrยuG\รข\รจยรยญรยตย>ยฐรยฎยยvยs\0`@ยยซ1ย\ร\Z\รจ\0@p}tรยย\รฉยฃ#1t\รย\ร9ยย]\รญรปรท\รฎ\รย\รr\รs\รญ\0ยรยWc@ย5\ร8ย>:\ร0รบ\รจยรด\รยยยรดยยt\รยคยต0ยs >ย\ร9\รงยซs\0N`@ยยซ1ย\ร\Z\รจ\0f}tรAรด\รsยฆรบ\รจk\รง]รฟ\"ยธ\รT\รงรผยฏ^ยฅs mย%\rรพรถ+jรปAยvย>ยฐยs\0ยณยยฎรยk0ยย%รด\รย\รG\รย~รน6}t|\":&uรต\ร9ย\รnyยฎ}qยกรบLรย\ร9ย9รยWc@ย5\ร\ร2รบ\รจย\ร\รจยฃf\รG\รT\รงรผO\รง@\ร\nK\Zรผ\รJ=\ร[zย\รงรยยยกs`1ย\ร\ร\รa\rt\0sย>:\ร0รบ\รจยยฏยยฅ\รฌยรบcรด\ร\ร\รรยรด_\รจยHoรยรณยkยต\รรด1ย\r\รจย0ยยฎรยk0ยยcรด\ร\รG\รรนยคยรพp-_ยฃยงยฒยฉ\รรนรฟยฒย\ร9ยยดย4\ร\ร\รฃ?ยนG?5}`:\รง\0b@ยยซ1ย\ร\Z\รจ\0ยย8ย>:`\รรรยบยง*:\รง\0pk\รง|mยนNย>ยฐยs\0ย1ย\ร\ร\รa\rt\0\รGF0\รฃยต0Czยชยs\0tรยD\ร9\ร\รจp5tXยย\รGF0ย>ยบรยFยคgรยรพรณยฟ\ร9ยยถ\รจยqยขsรe\ร\รกj\รจยฐ:\0ยกย8ย>:`\รTรฝยตรฐรตยยฏ\ร\ร\รฏ\รฆ\ร9รยตHS\รรยต?รทย~hรบรt\รยธ:\\ย\ร`@\ร2รด\รย\รG\ร\รจ\รYwยทยรพย\ร9ยรดvK\รงย\รงรยยยกsร\ร\ร\รกj\รจยฐ:\0ยยขย8ย>:`\ร\ร}tยuwยรฑ	\รฉรธ%\รฉA:\รง\0\รWX\ร\ร\รs\รญ\รงร\ร\ร9`tยธZย\รฉ\0\0H;รปยฎ\\\ร+]]รยปCยก\ร~รชยฉยL\รnGยvยทVkรฟwยปรดรณ\ร\รHยช2}ยvยพ!รฝ\ร\ร\ร7WI;ZL_ยยพยFยครฟรณรยฅxย\ร9ยยด^TยจยยทยPย\รฉC\0[ยผ~\ร@รยcรยn\รชย\0ยรฐ:ยฌร\รจ\0,Ap}tรรบ\รจ\รฆ\ร9ยOยkรฟ\ร#รบย\รฉc\0\ร9`!ยพ@ยยซ1ย\ร\Z\รจ\0,Bp}tรรบ\รจsย\ร9\0\ร9A\รงยยฅ\ร\รกj\รจยฐ:\0\รG6\รG?;ยจยขรฃยยดLย\รจรยยย>{\ร\'ยค+\รRรปK\ร=\รp -\ร9@\รงย\รฅ\ร\รกj\รจยฐ:\0ยยยฃ\รm=ยกPo(*oln~\รรดAย\รญยพTยซW\รชรย\รZรยณ\รฎร\รy-|ยฝย\รcHwBlBรบรยฏK\รรฟ?รฉยยM_\0Fยยช\รงรดwยดรถยยซรดยข\รฉc\0L=\ร~Sรงยยฏ\รรยยฎรยk0ยHรด\รยญ-\รiรบ\รจรรยฃย\รฎยรณCรยยค\รยค\รกq\ร\ร\0รยยขsรย\ร9ยรยWc@ย5\รยครบ\รจย\ร\รจยฃf\รGO^Qยถtรฟb\รฉ\ร\ni &]ยผรย \รฅ\ร9@\รง@\nb@ยยซ1ย\ร\Z\รจ\0R}tรaรด\ร3\รจยฃ\'oaยกรด\รฅรยรดยณรยยฆ/\0\ร\ร9รฐยซ^\รรฒrg\รง:\รง\0R:\\ย\ร`@ยยข\รจยฃยฃยยA=yยฅยยI*ยค\ร\ร\รยค:\รง@ยยฆยkยฟtรฑbย\รจยHM\รจp5tXย@ยยฃย8ย>:`}รด\รคeรปยค\รฅiรณB\ร\รซยรยฟรยณ\รฎ\0ยฌE\รงยยs\0iยยฎรยk0ยHรด\รย\รGรยยย<รบ\รจ\0,F\รงH\0ยs\0iยยฎรยk0ยH#ยทรด\รsยฒยณ\รWTU\rย>\nยฐ\รTรฝรY5ยTยฉรย9A=yรด\รXย\ร9ยยย;;^รยณg+ยs\0iยยฎรยk0ยHCร\รกhtรยฉยทรยพ\รยxVยฎ^\รkรบ รv\รZยฅ\รฉยฃsย>zรฒยฆรบ\รจuยฅ\ร`ย!ย\รซ\ร9\รข4รต\\รปย\รรยฅยขs รฝ0ย\ร\ร\รa\rt\0i,xรพรยนwy\รp}tรรบ\รจ\ร\รรถIkรยคยตรณยค\รLรบ\รจ\0\\ย\ร9ยงยรยยฟยดg\รVยkย\รฆ\ร\รกj\รจยฐ:ย4Gp}tรรบ\รจรยยKยqtรย\รฌ\รช\รจh?y\รฌX#\ร9\00ย\ร\ร\รa\rt\0ยDp\รTรฝยยงรด_ยฃsย>zรฒ\รจยฃ0ย\ร9ยยยฉ\รง\รรบรปยE\รง\0$tยธ:ยฌรย\0ยทยย8ยg\ร3\รจยฃ\'oยชย^ย/ยย1ยคย5tรย8M\r\รง<\ร\0ยยฎรยk0ยรgยขย8ยg\ร3\รจยฃ\'/\ร\'5-ยย`V\ร9\รขD\รง\0รพ$tยธ\Z:ยฌรย\0ยทuรยณ\รฎยฑh4รย$g\รชYw}2ยค3ยขsย>zรฒ\รจยฃpยs t\ร`F\ร\รกj\รจยฐ:\0รผIร\รกht\รรย^YYรนVq 0iรบ(รfยยซuยดยตZยฟy-ยฌ&ยu\รฆ}รด\รค-,ยX\"ยตU\รG7:\รง@\รจย@\\\ร\รกj\รจยฐ:\0\รXp8\Z\รv\รครยกkรดรย\รค-.T}tรยยฉ>zQยถยดยถ\รรด5รถ\รรถ\รG7:\รง@ย\รจย@B\ร\รกj\รจยฐ:\0รย>:\ร รบ\รจย#\ร?ยยฎ?รฏยพยถยg\ร1\รG_\\$rรตF\ร\รฃ\0\0 \0IDAT\รจยฃรธLtรย\รฌ\รช\รจhg8ยย0ย\ร\ร\รa\rt\0H}tรaรด\ร3N\\ยฆยยยฌยยรด\รรผ:\รง@vutยด\รฏรยปwS,\รรยต@\"\ร\รกj\รจยฐ:\0$\รฅย>รบยฆรยรนย1 Iรด\ร3\รจยฃ\'ย>:ย\รtรยรธ|Fรงยยฏ\ร 1\รจp5tXย\0ยF_\รงYwรรด\รsยฆรบ\รจk\รง]รฟ\"รฑยนยนยยย)iR\รช4}ย9ย4รธรยฏยจ\รญ-\รmรบรt\รรq\รจp5tXย\03รฝยฌ;C:\รรบ\รจย#\ร/รยฆยยยlยยดยฉJZX \รฅeH\รฏรทI#<\รซยคยช[ยk_\\ยจ>\ร6ยs\0ยณยยฎรยk0ยย\รฃ\รจยฃยฃยยA=yยยยคkยครบR\รฉรธeihD\Zย4}\0ยย%\r~cยฅย?รฐ-=\รs\รญร\ร\ร9ยYรยWc@ย5\ร`\ร\รGF0รฃยตยฐรดย\รRย>zยขยยคGยI5\รรยฟยยF\'L_ Iรยรณยkยต\รรด1ย\r\รจยรย`@ยยซ1ย\ร\Z\รจ\00\รซ\รจยฃยขยย10B=YรนY\รรบyR\ร|\รฉ_\รJย#ยฆ/ยยยฐยครยยรฟ\ร=รบยฉ\รฉc\0\ร9ย9รยWc@ย5\ร`N\รGF0cยชย.รฑยฌ{ยขjยยฅGยK\รก!\รฉ\รฌ\0_ยฃยยธยฅsยพยถ\\ยงMรย\ร9\0\ร9tยธ\Z:ยฌรย\0sย>:\ร0รบ\รจยยฏย\รฉยฃ\'ยฃ([zlยนT\รชยรถรท\รE\\ย\ร9ย\0:\รง\0`:\\ย\ร`@\0#ยฆรป\รจยกPยจยผยฑยนรน\รยถยฃยยA=9รตยฅรยช2\รฉ\รฌยtn\รรด5\0>ย\ร9\':\รง\0`:\\ย\ร`@\0ยฃย}ย\รQยuยA0\รฃ\รฆ>รบรยต|ยยยฏT_\"eรบยครทยฏHยยพยnzยฎรฝยนรตC\ร\ร\06ยs\0ยฎรยWc@ย5\รร8รบ\รจย\ร\รจยฃfยรฐยฌ{ยขรยKMรณยฅ\รuK\รcยฆยฏ\ร\ร-ยsยkfย\ร9\0ยธ\n:\\ย\ร`@\0รยย8ย>:`\ร\ร}tยuยยนย|ยฉยช@zรณยผ44jรบ\Z ยญ\ร9@\รง\0\\ยยฎรยk0ยย\รซ\รGF0c\รชYwรบ\รจ3W_&ยฝ รตรดKรฃยยฆยฏ\รBxQยกzNGk\รฉย3C\รง\0\\ยยฎรยk0ยยk\รGD0cยชยรพZรธรบยรยณ\รฎย\ร#\รฉยก\Z\รฉรท!\รฉยฃkยฆยฏR\รรดs\รญยฟxD\ร3}`:\รง\0`tยธ\Z:ยฌรย\0ยฎFp}tรย\รรบ\รจ3ย\รกยFรยฅ}ยฝยกยยฃs$ย\ร9\0Xยยฎรยk0ยย\รจยฃยฃยยA}f*รณยฅยรยฟรพ?\0Gย%\rยถV\รฉ\รcOj3\ร903t\รร:\รจpยต\ร\0\0ยยยดยณ\รฏ\รยฝ\รรยตยฝ;Zรฑรญยงยz\รรดAย\รญvยดhwkยตรถยทK?\รฏPยยค*\ร7\รฉ`\รง\รรป\รจ\ร\\%\รญh1}ยรปรธยผ\ร\ร\n\รฉ\รฌย\รฉKยย^TยจยยทยPย\รฉC\0[ยผ~\ร@รยcรยn\รชย\0\0$ย/\รa\rยพ@\0+\รGD0ย>รบ\รญรน<\รoยปยฅรท#<\รฃ$ย\ร9\':\รง\0`=ยพ@ยยซ1ย\ร\Z\รจ\0`-รบ\รจย\ร\รจยฃf\รGรฟc^\รฉ!\รฉรธeรย\0Vยขs$ย\ร9\0ยคtยธ\Z:ยฌรย\0รยฃย8lยชย~vPE\ร/iยรย9Aรฝย#รยฏรยB}ยฆ/ยฌB\รงHรยฏ^xa\รรยย[\รจย@J`@ยยซ\ร@\0\0sย>:\รยฐรฟ\รรฟยบยฉJรปwยพยกรฟย>:0w\รจยฃKC#\รรรณ<\รรย\ร9\':\รง\0\0`ยฎรฑ:ยฌร\รจ\0ยr\รจยฃZ[ยฎ\รรดรยยนย\รฎ}รด=\รฏJยฟ}\รรดย\รจยq:yรผxรฑK{รถl\รฅยนv\0HI|ยWc@ย5\ร %\รGF0#รป\รจยก~\รฉรยฏI]5}	\รjtรย\รฌ\รช\รจh?y\รฌX#\ร9\0ยค,tยธ\Z:ยฌรย\0)ย>:รยฐยฉ>รบยยณj<3ยจR1ยขs\"]รบ\รจC#\รรบiยฏ\รฉK\0รยขs$\ร\รฅ\รรยยรถ\รฌ\รJ\รง\0R:\\ย:\0\0pรบ\รจย\รรพยฑ]ยรฟ\รรยบย>:0ยทRยฝยรพยปn\รฉ\ร3ยฆยฏ\0\\ย\ร9\':\รง\0\0รMรธ\ร\รt\0H+รด\ร\รGรย\รชยฃรฟkX\รX)ยฒ%ย\รรดU\รยยรพ\ร\รฉ\'ยฅยยฃยฆยฏ\\ย\ร9\':\รง\0ยยถรธยฎรยk0ย@รยกย8ย>:`รยi\ร[รยตQยฉ<W*รย2ยผยฆยฏย\รรยจรด\ร\รรฟ}รธรบ\0\ร\รจย	ยs\0iยยฎ\ร\รฎ\0\0ร\รญvJ\ร+]]:|รธpKSS\รรรปยรยทM\รlGยv\รฏh\ร\รฎu\ร\รซ@\รฏย$ยu\รฆ\ร=rรฝ__ยซยยพ\ร$ยญ-7}\ร\ร]ยJ?~Mรบยงni|\รรด5ยkย%ยฉยตJยฏvยถ\รซq\ร\ร\0ยถ\รยนv\0\0\รv\รจ\0\0รรด\รยยฝรตยรย=ยจ\'yJO\รG\รฆรยฏรยรพpZ\รX%m[&}cยฅ\รฉยnobRรบ?รพMรบรย\ร\rยยพp:\รง@ย\ร\0ย-x\ร\ร\ร	w\0ร\rรด\ร\รรผยฌ;}t`\รฎยK\ร\รฉยยฅย\รงยค\รชB\ร;)fยยพ\รฌยบรจยยดยฏWรบรฒoยค\รฎยGL_ยธยs ยป::\ร\รฉย\0n\ร\รฎp5tXย\0pรบ\รจย\ร>ยฃยรยรยยฑ	ยฉยง_รบยปยทยฅ7.HยฏIรนRNยยiยย\รยยบNKรฟ\รยคย#\ร\0\ร90ย\ร9ยย]\รญรปรท\รฎ\รย\รr\รW\รง\0ยO0ย\ร\รx\ร\0\0รย>:\รยฐ-\ร\รZยญรฝ\ร\รญ\ร\รy\รย[ย/\\รฟ\รรน7iรณB\รฉย5\ร=ยฏย^ย5\ร?รป#io\รรตยฏ\ร\รรนย\รกยธ	ยs <\ร\0\0lรย\0\0R}tรAm\รรยยฎรด\ร3&%8sรฝ_ยยดยคHzpยฑยดยช\\\รT%ย\รงJYย\รรฟยฏ=:.eรบยคยยฎJรฟ~Aรบรทsรยฟยยป>ย_uรดยฟย\n\รจยqb8\0\0ยฉ ยยฟ\ร\รx\รฆรฉยงยฟยฏ_\Z\0รฐ9ยถKรย`ยฐยยฏ\รg<{PO\รฎ|C?ยพรฑย\รฉย!\ร_ย-ยญ+ยVยHยรยขiรย\รจBl\\:yYยช*ยF\ร%ยGยบ0(ยฟ,\รฅgKยกย\ร\ร\'ยยบ\ร9รฐยรยยด}ยฃ~ยดยฃEยปM\รbWGG;\ร9\0`ยรพ\รข\รฉgยรนย\รฉ#ย\รa@ย5\ร\0qbHvรยรยยธย\รsรฝoรฒ\'&M_Xย\รกHรMรยน\รx\0ยtยธ\ZOยธ\0ยTuKรฝรพ-[รพยฉqรยยฆยlFpยท\ร\ร\รซรยฟHHย\ร9ยk\0\0ยฉย\0\0ยคยบย}Wยฎ\รจรยฟรฟรป\รญยง{z^รฟรฒรยพรถยฏยฆlF\0ยbรยรดรยฏยจยญยญZ=ยฆยlรp\0\0Rย\รรดรL\ร\ร\ร\ร*)hรบ\0ยยตย\รงรย{w_WWยซGย\ร\ร\ร^2}`ยณ\ร\ร:รบย\rz^R\รka5K\ZยThรธ,\0\0f*,ipรปFรฝยจยณ]ยถยธP}ยฆlยฐยซยฃยฃรฝยรท\ร[ย\รรพVรยฃยฆ\รฏ\0X\รซw]รปรถ1}p;\รจยฐ:\0รAIรยPยจย!p\ร\รฆj\รรยขย\รชย!ย\0\รfยทรงยยซu\รรดAย\rvutยด\รฏรยปwS,\ร_ย\0ยรยW\รฃ	w\0\0ยยnรฉยฃยท\รญkยณd\รฉ\ร	\รG6ยฃย\0ยฐ\0ยs N<\ร\0\0\ร:\0\0Hg;รปยฎ\\\ร\รรพรบยฏ\ร\Zยย\รฉยฃIยขย\0pยฉยฐ$uรตรธ7W\รฉUรยท\0V`8\0\0\รฉย\'\รa\rยp\0\ร\"รบรจยย\รจยฃ\0\\\รขย\รง\รรย\รซยด\รฉย\0\ร9\0\รยpยยซรฑ:\0\0รuยท<\รซ\ร\ร\รtรฐยพ`รฐm\รG6\รรยข\ร;Zยดรปรยzr\รงรบยฑรธ\Z\007รยรดยยzรพยนรตC\ร\ร\0ยถ\ร\ร\ร\ร~\รฃยsยยฏ\ร\0@\Zc@\0\0ยธ\รรยพ+WรดJW\รvรบ\รจย3\รจยฃ\0\รฆยs N<\ร\0\0p+ยpย5x\ร\00รย\ร\ร\รจยถ#ย]\รซยD<+Wยฏ\รฎ5}`ยณรย\รชยz\รรฝรยJรปcรฒยg\ร\0รย~ยฎยยฏรยยyรฝรยย\รwv>รs\รญ\0\0x\รยฎรยk0ย\0ยกย8ย>:\0รaยทt\ร7W\รซยจ\รฉย\0\ร9\0รยW\รฃ	w\0\0ย?ย>:\ร0รบ\รจ\0ย$\ร9@\รง\0\0\รOc@\0\0ยยน[รบ\รจยตc\รn\รยถยฃย\0H\0ยs Nt\ร\0\0fย\'\รa\rยp\0ยธHp8\Z}ยg\รg\รG\0\รยs Nt\ร\0.\ร\รฎp5tXย\0\ร2AIรยPยจย!p}t\0รm\ร9@\รง\0\รb\รจp5ยp\0\0H}tรaรด\ร\07ย%ย\รงรยรธรผ\รชยยถย\รฉรญยญยนรฑย<\ร\0\0\'t\0HCยGยยยยทรฝc\0	ย\รฎยฃwยB+ยพรฝ\รS/ย>ยฐ}t\0Hk\รกEย\รชy\รซ	ยตย>ยฐยs y>ยO\รฃ\รฃ\รฃ\ร\ร\รW^~ยพยฒยฒยฒtรต\รชUEยฏ^\รรฐรฐยฐ\รฉรณ\0\0sย\0รย\ร\รซUqqยฑ**+UV^ยฎรฑรฑq\r+\'\'Gรฝยยยย4|\รญย>รบ\รจ#รยง6\รyยบยป{รปรบรพรทยฟยฟ%\รฌ\รคkt 9m\ร\รรยg\รช\ร_ย\ร\รฉ\0ยรฒรยยด}ยฃ~ยดยฃEยปMรย\รกHย\ร\รซ\รรฒรบz-^ยฒDยฅee\ร\ร\รVaQย222\ร\รรยฏรฐรยณยบx\รกยรยรยบx\รกย&&&Lย\0ยE\ร\03รต\ร\รO_7ย\รยรยฃยยยญยบ\รฃmjmUAAยrรณรฒยฆยฟ:รทx<ยยย\รรรยยยฏ]S8รยc\รtยฆยทW\รรยจ\รก\รซยซmย$ยtร97=\รซ.1ยค@*a8ยฐยซยฃยฃย\รกHรยผyรณtGcยฃ-^ยฌ\รข\รขby}ยพ\รรพรยยย\รซรยuรฐยN;ยฆยฑยฑยฑ9ยผH9รฑรด3\รรผ\รรดร\รญ0ย\ร\Z\รจ@b|>ย\ร,รย=ยคยยช*\ร\รจ?711ยก\ร/\รชรยกC\n}รฐย>ยพtIยฃยฃยฃยณ|-ยยฒยถยย\\ยฆย8\รงยป]รบ\ร~รฑยถรพ\\ย\รจ\0`;:\รง@^\รฎ\รฌl8q\รฌXรย?d<\รขT>oย\รชWยฏรยบรต\รซย\รฃรท\รรตยรย7\รรยฟรฝ\รซยฟรฒ{e@\รข\ร\รกjยทรฟรยฉ\0ยยนยปยตยตUR\รรดยmJ\ร\ร|\รจ!รยญ\\ยฉ\รฌ\รฌ\รฌรฟ\รง<ยรฒรฒรณยต|\ร\n\ร\รรยขย\รJยยย*z\รญ\Zs\0\ร/8ยn\รซ	ยzCยกPycsรณ;ยฆlรทยฅZยฝยบยจPGN\\รยฒรพย|ย\nM\ร\0ย[xQยกzNGkยฟยนJ/ย>ยฐร\รซ\รรผยพยณรณย3ยฝยฝKu}8\รรดMยMrรณรฒยดยพยฑQmรยช%55\ร\รรยรป\รรฐzยฝ*)+\รรฐรฐยฐ._ยบ\รs\รฎ@b~รยตo\ร\รG\0ยทรยk0ยรฑรณรน|\รรบ\รจยฃZยตvยญ<ย\รค)+/รยรบzยญ]ยทN\รฃ\รฃ\รฃ:;t%ยVย}ย\ร\ร}]]ยญ)RS[{\รรดAย\รรย\รซรด_6\รจyI}gUรย\0\รK\ZรยพQ?รบ\ร#รบย\รฉc\0ย<~ยผรธยฅ={ยถ~รฐ\ร{ยซbยฑ\รรย\รกย[ยรยฏ{ยถl\ร\รซ\ร\รรฝ\รรนยงรน|>eef\รชยฃtรต\รชUย.\ร\n:\\ย\ร`@\รขยทr\ร\Z5m\ร nยฎ#ยฟ^FFยrรณรฒยดยผยฎNรต+Wรยยยซ\รรยงรนยตย4ย\รฌ	ยz\รglยฎ\รรยฉ!รฝยตยฐย%\rย!\0\รhz8\รฏlรยmยฎ\รQ\ร6\ร\ร\ร\ร~รฒรยฑFยs qย6\รจย?ยฌยย\'รด\รรนยงy<edf*z\รญย._ยพยฌqz\รจ@ยผ\ร\รกj\รจยฐ:ยยฌยฌ,\รรทรยชยฌยฎย\ร\รซuรด\รรถzยฝ*,*รย%KยดยคยถVยง{z4<<\รฌ\รจ\ร\0\รรรดย~\รครฐ\รกยบX4\ZcHยยณยนZGwยด\รจยงรยชรฑรยJรย\0nย4\รZยฅWย=ยฉ\ร\รงร\รL=\ร>\ร\ร_,:\รง@Bยผ>ยZ\รฏยพ[wm\ร\รฌ\ร&S2224:6ยฆ\ร}\รW\รจ@รผ\ร\รกj\รจยฐ:ย\รข@@ย\รรย_P0k?\ร\รซรณยฉยคยดTย\ร\ร$IยHย!ย}tรa\รZยฅ\รฉยฃยk\ร9\รข45ยรณ\\;ยยผ\รรทรยซu\r\r\ร\ร\รvรผ\รรถx<รฒรปรฝรบรจยฃยรดรฑ%รพyx N\รจp5tXยยO\รญรฒ\รฅjรยฐรรฑยฏ\รoยงยฆยถvzH\รฏ	ย\รฆ\รคg)ย>:\ร รบ\รจ\0`ยs Nt\ร\รงรธ22tรย-Z\รรยยยยYรป9ยบvรตยช><}ZยยณรถsยรยWc@ย5รยรธยฌ]ยทNKย-ยรณย[S[ยซย\รฆfรนรฝ~ยt ~รด\รย\รGย9G\รงH\0ยsร9999รบรยฃยjรตรยต\ร\รรยรย\รฅรฑx466ยฆ\ร}Wctรยx0ย\ร\รfรท\ร\0\0c*ยซยชยรฝ\รฌ@ ยรปยA\ร\ร\ร\รช~รต+รตE\"\รn,ยตSย^\รฉ\รช\ร\รกรย[ยยย\รยพmรบ(รf;Zยด{Gยvยฏ{^z$I\รฆรพD	\0ยฉ),IยญUzยตยณ]ยย>ยฐ\ร\รซรย8vยฌย\ร9\รย\รฆยยตhรฑby<ย9รนy%ee\ร\ร\รR4\Zยยย\0ย}|ยkรฐ:ยยป\รฏยปoVรป\รง3ยธ\รaย\รจยฃ	ยขย8ยg\ร`V\ร9\รขD\รงย\รซ\Zยตรนย{ยยย9g?333Sยก\รฎnรตรทรต\ร\ร\รR\0_ย\ร\ร\รa\rt >[ยAeegย>C}tรรด\ร\รรผยฌ;C:\0$ย\ร9ยย]\รญ\รงยรณย=รถรยฏ\รรบยณ\รญย\รฅ\รรย:\รรน\ร,รยWc@ย5รยรธ\ร\Zรนย\ร3\รGยEยฃ:รพยผ\รฉs\0\ร\รGรถ}tFt\0ย:\รง@vutยด\รฏรยปwS,\รรยตย\ร\ร\ร\ร\รรยถยฉ80รฒรณรปรปรบรบ\ร#?ยฐ:\\\ร]\ร\n\0ร1sรนTU<ยยยพรผรตยฏkImยญรถuu\รG\รขGpรย\รญnยญ\รรพ\รฏv\รฉ\รงยฝยช}t\0ยธ:\รง@\รจยยณ\ร\รงรณ\รฉ\ร-[TU]mรฌยยข\รขbc?\0\ร<t\0ยย\ร\รjlnรยพยฎ.9tย!ย\รรยพ+WรดJW\รรถ\รฎPhรยทยz\รช%\ร6kยซV\ร[Oยจ\รญรยzรฒยยงรดC:\0รผยรฐยข\ร\รซรฟยท\รรด!ย-รยยนยฑp\ร\"U/^,ย\รc\รฌยรยผ<c?\0\ร<ยpย5x\รยO\รซ\รwยป\รฎ	รท\รBH\Z}tรAยรฑยฌรปยx\ร@zยฃs$ย\ร907222รด\ร#ยยจยฌยฌ\ร\รจยฏWo<hรดร2<\รกWsรฟยฒ\0Hรยตkรยยยcรบยยป?TCsยณ^รผรตยฏ\ร\ร\รmรบร6\รรยบยฟ\รรยตuK0\รรยณ\รฎ@rvยดhรทย\รญ~รถยย\รรนย~,ยพFย~รยยด}ยฃ~ยดยฃEยปM\รbWGGรปย/\ร%ยพ:f\ร\รช5k4รพ|\รg(;;[^ยฏWยฆO\08ย\0R\ร\ร\รยJJJLยย@ ย?\รช)9tย>:ยรบ\รจย\ร\รจยฃHSa:\รง@|xยฎย{ยยยjยปรฟ~Wยผร\รจรณรนยยยยฉX,fรบ\0ย\รรฟย\00+ยฎ|รผยฑ-^lรบยย\รGยFp}t\0i$,Iยฟรฝย\รรยช\รcรบร\รงย9ZZ\\รตรบยข\รG1\0RรฟรยยรยงยดยคD\รVยฌ0}FRjjkยตr\ร\Zรนรฝ~รบ\รจ@b\รจยฃยขย ยMw\ร;\รรตgย\รgรบ รt\รsรฒรฒรฒรดรย*\รEรบยCย4\ร\รจรL\ร@ยยซ1ย\ร\Z\รจ@|ยฒsrยดยพยฑ\รรดIรณรปรฝยชยฉยญUCsยณ.ย?\ร\ร\รจ@รผยยย=ยกP/C:\รย\ร\ร:ยบยฃE?\ร\'C:#:\0[\ร2ยoยฎ\รQ\ร6\ร\ร\รรยพ\รฏ\รMยฑX,G|uรยธaยย.[&ยฏ\รkรบยiG\ร|ย\'รยยc@ยยซรฑย;\0ยคยจยXL###\ร\ร\ร2}ย#\รจยฃIยฃย8ย>:\0\ร\ร9\รข\รs\รญย;deei\รกยขEยฎhย\ร\ร\รฃรฑย>\0\รwรฝ\0\รยยพยพ>รตรตรตiรยผyยฆOq}t iรด\ร\รG`!:\รง@ย\รwYยบlย*ยชรธKn\0ร\รฌ\รก	wXย\'รยรธยยยยชยฒยชJยยยฆOยรดรยยค\รGDย\รจย	ยsยธย\ร\รฃรยบยU-\\\รจยบ/ยพยยผรนยฆb\รรยฆ\ร\0lร\รฎp5ยพ@ย5>>ยฎย/_\ร\รรยยซzPN\nยบ?TCsยณรพยยฟรพkยพF\รข7รฝยฌรป+]][ยทยย<\รซ$gGยv\รฏh\ร\รฎg\รชรยo\รจ\ร\รขkt\0\รฆย%\รฉ+รตรผsรชยยฆยlยฑยซยฃยฃรฝ\ร\รง_ยยฎ\รกรทรปUQU\รฅยบรฑ\0ยZรธ\ร\รt ~/\\PรยฆMยฎkB9\ร\รฏรทkS[ย$)ยhย\รยWPRยฐ\'\รช=rรธp],\ZยรฑE:ยย\ร\ร:\รZยญรยผVSL>รฑ5:\03รยญUzรตรย\รรผpยญรถย>ยฐร\รซ\รรผยพยณรณยยยk\รงยซsรEJ\ร\รรยผqยฃ|>รทM|ยรย/\ร\รกj\รฎรปยณp\รจ@รผ\ร\รรยดยธยฆFeeeยฆOย5ยตยต\รฉ@rย\ร\รรจยถยPยจ7\nย767ยฟcรบ รfย\ร7รตยฌรปยAย2ยคยCaIยA=รพย{รดS\ร\ร\06ย\Z\รyยฎpยทuuZยถbย\รฉ3>:tยธ\Z:ยฌรย$ยฆ\รฏ\ร5\รyยง\รฉ3\รฆ}t iรด\ร\รG0ยnรฉยยฏ-\รi\ร6ยs\ร!;\'Gย\ร\ร*u\รฉย\"\รจ@\\\ร\รกj\รจยฐ:ยย\รก\รกa-ZยดHยยรยง\ร)ยฟรยฏย\รZ\ร\รรยชยงยปยยฏรยรธM?\รซรย8csยตย\รฎh\รOรตรยรยร)aIย\รXยฉ\รง|Kยlยฎ\รQ\ร6\ร\ร\รรยพ\รฏ\รMยฑX,Gt\ร\ร\ร\ร\ร\ร=[ยถ(33\รรด)ยยย:\\ย\ร`@311ยก\รรผ|\ร\ร\ร\ร\รซรตย>g\รยuยsK=\';รป|EUรย\รฉยฃ\0ย\รG\ร0:\รง@ย\รจยv**.Vรย\rรฒx<ยฆOรนL\รจ@\\\ร\รกj\รจยฐ:ยยธย}ยค\รฅรยยซยฐยจ\รรด)\ร\ร\รG\รงYw !ร\รกhtรยฉยทรยพ\รยxVยฎ^\รkรบ รfรด\ร8`รบยนรถ\รง\รMรย\ร9`ยทรตรตยช]ยพ\รรดยทรยรยยฎรยk0ยยSn^ยยซรฟ&cยฎ\ร\รรยชยกยนย>:ยยธ\รรนs\รง\ร\รฅYwรรด\ร$\รย\ร9รยต3C\รงยฐ\ร\รUยซTY]mรบย\รb@\รขรยWc@ย5รย\รคย9sF\ร\รช\รชTย\ร_ยกOยกย$ย>:\ร0รบ\รจ\0f ,ip\รชยนvยs`f~รต\ร[^\รฎ\รฌ\รB\รงยฐ_\ร\รฆรยฎ~]ยย:\\ย\ร`@ย399ยฉรย/ยซยกยฑรยตยญยจยนFH\ร-}รด\ร\รรยทยยI\รG6ยฃย\ร6รย\n\รsรบ;Zรป\รUz\รรด1ย\rยฆยkยฟtรฑbย\รจย)\รก\รMย\รครทรปMยq[\รจ@\\\ร\รกj\รจยฐ:ยยผkCC*,*ReUย\รฉS\\ย>:ยยด\รp4ยบ\รญรยกC\ร\รจยฃรยฃย\ร&\รรยตรฟ\รข}\รรด1ย\rN?^รผรย=[yยฎH-9~ยฟ\Z7lPvvยถ\รฉSnยย:\\ย\ร`@ย711ยกย.\\รยบรตรซยยยeรบรยกย$ย>:\ร รบ\รจ@Zยฃs$`WGGรป\รc\ร\Zรย\ร(-รยชรยซยรยยค\ntยธ\Z:ยฌรย8c8\Z\ร\รฅKยt\รรบรตยฆOq%รบ\รจ@\รny\ร=ย\รรย\รคLรต\ร\รยช\รจรธ%-#:ย\ร\รจย	xยนยณยณ\รกยฅ={ยถ\ร9RWEeยฅV\ร\ร+33\รรด)ยทรยรยยฎรยk0ยรยน|\รฉยรฒรณรณUQUEรฝ6\รจยฃIGยฃ\ร\รจยฃ\รรนRยญ^]Tยจ#\'.kรยบ)ย\ร9ยงยฉ\รรนย\รรยฅยขsยคยดยชยUยณtยฉ222Lยr[\รจ@\\\ร\รกj\รจยฐ:\รยฌ\ร_E\ร\รรด\รรฟรบ\รจ@\ร\รจยฃZ[ยฎ\รรดรยยC\รงยยs รฝ,ยฉยฉ\ร\รรย\รฅรณยนw\ร`@\รขรยWs\รฏยmยOa@ย599ยฉยพHDยตรย+77\รรด9ยฎGH\Z}tรAรดรยย@\รงH\0ยs =\ร\รรยชยฒยบยH\รจp5รทรพ\รรธtรyCCCzรท\ร)\ร\ร\ร3ยข\ร\0}t iรด\รยMรต\รยU\รฃยAยยยฐยs Sรยตรดรทย\ร9ยvV\ร\รi~Eยยผ^ยฏ\รฉSnยย:\\ย\ร`@f\รp4ยชwOย\รรฒยบ:\รฅ\รฅ\รฅย>\ร\nรดรยยค\ร\รGรยดy3\รยยคoยญรยรด\ร+\ร9\รข45ยรณ\\;ย\รV\รรยฉ|รพ|t u0ย\ร\ร\รa\rt`รถGยฃยบp\รฎย\รช\รชรซยยยmรบk\รGยยF_\รงYwรรด\รWยฃs$`WGG;\ร9\0Iยช[ยนReรณ\รฆ\ร\รฃรฑย>\รฅยถรยยธ0ย\ร\ร\รa\rt`vรตรทรต\รฉยรท\รรยข%Kย_P`รบยซ\รGย2รฝยฌ;C:\รรบรจยยซ\ร9ยฐยซยฃยฃ}รฟรยฝยbยฑXยxยฎยยครบย+UZVรยยคtยธ\Z:ยฌรยรยพยกยก!>tHย@@**Lยcรบ\รจ@\ร\รจยฃยฃยE\รงHรgt\รรน\รชยยค\รซz	:ยJ\ร\รกj\รจยฐ:07&\'&tยฆยทWEยย*wรน\รXnDH\รt=\nย767ยฟcรบ รvรยบ\รY\รฆYw`\รฎ\ร9\รขD\รงรยRรยยค\Ztยธ\Z:ยฌรยรยยXLยงNยTffยฆ\ร\รง\รSffยฆรฉยยฌCHZยฐ/9รยณ\รฎย3n~รย!ย5tรย\ร90\รจ@\รa@ยยซ1ย\ร\Z\รจรรยยยTรทรป\รฏ\รซรฝรท\ร\ร\รEยT@=!รดรยยค\รGFยtรย\ร9t \รฅ0ย\ร\ร\รa\rtรยยกรAยฝsรฒยค2ยณยฒTU]\รญ\รชยฟQq+รบ\รจ@\ร\รจยฃย\รชยฃรฟรฒย\รฃkt atรย\ร9ยt \รฅ0ย\ร\ร\รa\rtรยยยยฝรท\ร;\ZPeuยตยฒยณยณMยd%รบ\รจ@\ร\รจยฃ\รฃYw atรย8\ร9ยt \รฅ0ย\ร\ร\รa\rtรยผsรกยฐยยฟรตย\nยยTPXH=Aรดรยยค\รGรยณ\รฎ@\\\รจย	ยsรยฎยฉQ9;)Vย\0\0 \0IDAT;[รฒzยฝยยยTFFยรผ~ยฟยฒsrยยยยฅรยedf*+;[ยยยรฒzยฝ\รรฑรป56::รฝยยรฒ\รฉ?6ยH9\รจpยต\ร\0\0\รฌ2\รรยฏ\รรผรฝรยซl\ร<zH\ร\รซ\รชLยdยญรปยA547\รซ\รจยกC\ร\ร\รeรบร6;%รฉยยฎ.ยฝ\รรยตuK0\รy_0รธยถ\รฉยฃ\0ย\รญh\ร\รฎ-\รรฝ\รฌA=ยนรณ\rรฝXRย\รฉย\0	K\รรถยรบรย\รญ6}`ย]\รญ7ยjย\รจย	รฑรบ|รฒz<\ร\ร\ร\รรธรธยธrรฝ~eeeยฉยธยคDยฏW\ร\ร\ร*((PIiยฉรบรบรบTPPยรฑย	ยย\รครฑรนยยยยฅรพรพ~รน|>eggkphHยน99\ร+,Tnnยฎ\ร;uJ>ยOยฏW\ร\ร\ร\ZยFย\ร\รคยtรฑ\รขEยยยjrrRยฑ\รกaEยฃQ\rGยฃยฆรฟW\0รยฌc@\0\รmddD\รงรย\รK/ยพยจรยฆ&ยญZยปVยฆรยฒR \รรฝรยjjkรตยฟรบยรบ\"\ร\'ยถย\ร>\ร\ร\ร\รtย!Hรย\รญnยญ\รรพ\รฏv\รฉ\รงยฝยชC:\ร[XยZยซรดjgยป7}`ย\รยจ9q\รฌX\รMยs\03ยy\รฃ\รซรฐ\\ยฟ_ย\ร\ร**,TยยดTยย\ร\ร\รS^~ยพrรณรฒยยย\'ยฏรยซยยMNL(++Kยฏรทย~ยฝยฉยฏ\ร\ร\รงรยฟ\รญรยผยฃยก\รกย?ย\ร\รซย\ร\รซย\ร\รฃ\รรธรธยธ\ร\ร\รtรฑ\รยยยj|bB\รงรย\ร\รครยรย;ยง\รก\รกa]\Z\ร\รค\รคยค&&&466\รฆรธรฟ^\0\0ยk\รจ\0ยยรตG\"รยฟwยฏ>\รฌ\รฉQรย\rZยนjยrrrLยeยฅยยฅKรตW?รธยรถuu\รฉรยกC\รฉ@รผvรถ]ยนยขWยบยบยถwยB+ยพรฝ\รS/ย>ยฐY[ยตz\รzBm\รรยยฟ<ยฅ\'รยยฆรยรนยUmรบร\รงร\รy<\รฅ\รฆ\รฆjAeยฅ<^ยฏยชยชยซUUUยฅyรณ\รง+\Zยjl|\\รนรน\รรธย|^VV\ร\รงรพ\รฏgย\รชรยงรยยeddhรย%\รรฟ^\รรยฅ\Zรยคยค\ร\รI]ยน|Yรผยฑยฎ]ยฝยชOย\ร\รรย\ร\ร\ร4\Zย)ย\ร}\0\0ยฆยน7|\ร3O?รฝ}\รรธ\รย;-ยญยญ\รรฝ>ยจ\รฉI\ร\ร\รรยณ\รฎ@\รขยถKรยบรยน\รฉYwย!ยฉย\รงรย\รรด\\;\ร9รฐ)\ร99\ZS P\รรย*ย7OE\รรยยฟ`ยrรผ~Iru\รรปOยยยยรพ{<รยย\ร\รรยฏ\ร}Wรฝ}}ย\รbยบ|รฑยขรพย>รถยย\ร\ร%รดรยรฟรพ\รs\รช\รฏ\รซ3}`ยยฟxรบยg~fรบ\รvรธ\0\รยPwยท\รรฟ\รรยจยฆยถVย\รรยดยคยฆ\รรดIรยขย$ย>:\ร0รบ\รจH\รง@\รจย\ร\รฃรต\ร\รงรตjรพยZPQยกรน*)+Siiยฉ2?\รงยr[}z\ร\รรฑรปยตร\รฏรยยฆรฟยฝw\รyGn<รน\ร{รบยดFb1ยยยjย\'\ร\0.รย\0pT4\Z\ร\ร\'N\รจรผยนsjรยฐA\rMM*..รพ\รรฟAรผรบ\รจ@\ร\รจยฃยฃยยยฆsรย\รงรยOddd(#3S%%%\nยยh\รก\รข\ร*ย7Oยฅยฅยฅยรป{:ยฉยซยฏW]}ยฝ$\รฉรฒยฅK\รช	ย480ย\ร?\ร\รจรยรบรป599iรธJ\0\0ยฎรณย>\0ยยฉยป[[[%M\ร`fยยฃQรตtw\รซรยนsยรยซ@ ยยรพยนยญDmjkย$E\"\rยพยฐNp8\Z\ร\ร\nรตยBยกรฒ\ร\รฆ\รฆwL\รlqยกรบรพยฒA\รK\รช;3ยจ\รรพย|ย\nM\ร$(,iรฐยท_Q\รรธ\รชยย\รยจรน}g\รงยผรทรยชX,รถยทย5}`\ร\ร\รฏqยฌยจยฏ\ร\รซรยซยฑยนYw\รuยV\ร\รkรพย\ร\รรย\ร\รoยฟยรยผ<UTVjรฑย%*-+Sรตรยรฒรปรฝ\Z\ร\รรย\ร>\รฃยซรดยบย+URV\รฆ\รชยงรฎยยผรนยฆbรผย\r0Sยฟ\รซรยท\รฏย\รฉ#ย\ร\รก\ร\รยฐ:`ยงH$ยขS\'N\รจloยฏยฅยฅ\รรฑรป\ร4รต4ยพ$รตยBยยฏยฌ\รฌยDย\รฎ\รซ\รชjรตHยย\ร\รKยฆlยถยนZGยงยรด\ร\รjย4(ยt\ร#,ipรปFรฝยจยณ]ยถยธPKย\ร\ร\ร\ร\รpยtย\รฃรทยซยจยธXรย-Sรณย\rยบ7T\รรยยช^ยธPE\ร\รรฒรน|ยฎx\ร\ร\รฃรฑ\ร\รซรตยชยธยธXยฅeeZยบlยTUยฉยฐยฐPยG\รฃ\รฃ\รฃ\Zยรพ*ยH9\รจp5tXยยฐ[$รยฉย\'u\รกรผyยช80}ยยตjjk\ร\รรยฌX4ยชรณ\รงรย>ยฐMPRยฐ\'\รชeHยยฑยนZGwยด\รจยงรบdHgDยยย%\r~cยฅย?รฐ-=ยฒยนZGM\ร`WGGรปรพยฝ{7\รbยฑรฑ\\;\ร\ร\รX[ยฝpยกVยฏ]ยซยฆ\rยดยกยฅEรตยซWยซ|รพ|egg\ร\รW\รฆย\ร\ร\รWeuยต\รชVยฎรยu\รซ4\ร\ร/ยรยฃ\ร\รL-ยฉยฉa@R:\\ยO\0\0s\รฆ\ร}รดยปZ[ยยยcรบ,+}รน\รซ_รย\รZ\รญ\รซรชยขยรย>:\ร0รบ\รจยฐ\0ยs Ntรย\รJ\รรยดยฌยฎNK/Vรนยรผรพ\รรฒรน|รฒรปรฝ\รรฒ\รCยบ64ยคยณ\รงรยฉยฐยธ\รรดY\0ย4\ร?kรฐ:ย:ยฆรบ\รจg{{ยยยยซยยยuOPEe%}t 9รด\ร\รGยKย%\rvรตรธO\รฎ\รOMรย\ร9\รUIiยฉ\Zยยยตรกยฎยปยดรนย{Tยณtยฉย~\รรยยยรนssU^^ยฎรผยyยฝ^\ร\'}.ยพ@\รข\ร\รจp5tXยH=ยHD\รรฟ\รรฟยย\รฎ\0รบ\รจ@\ร\รจยฃยขยยยธยฅsยพยถ\\ยงMรย\ร9\รMaQย\ร55i]Cย\ร\รฎยปOKkk()ยกg\รฎ\"ยรยรฟยฟ`@\รขรยWc@ย5รย\รE\ร9S}รด\รง\รรณยฌ;?รบ\รจย\ร\รจยฃ\ร:\รง@~รต\ร[^\รฎ\รฌ\รB\รง\รฉร\รซรตjรย%jhn\ร_รธยย-_ยฎรฒyรณยยยiรบ4Xยย:\\ย\รรผ\0\0ยฎ@\ร9ย@@รพ\รS:r\รจ}t 1รด\รย\รG\รยขsรย\ร9\รI รยฒยบ:5\รyยงรฒรฒรณMย\0\0\\ย/\รa\rยพ@\ร}t\รง\รGยFp}tรยฒ\รฉ\รงรย{P?4}`:\รงHยนยนยน*(*รย}T\r\รรยช_ยตJYYYยฆ\รB\n\รขt .|ยWc@ย5รยรดรฒ\รฉ>:รยบ\'ยฎยฆยถV+รยฌย\รรฏยงย$ย>:\ร รบ\รจp\ร-ยsยkfย\ร9\รA^~ยพ\ร54\รจย\รFmรยผYe\รฅ\รฅ\ร\ร\ร5}R:tยธ\Z:ยฌรยยคยงยฉ>รบ\ร3g\รจยฃ\'ร\รฏรท\รGยCp}t$),iยฐยตJยฏ{Rยรยยyยนยณยณ\รกยฅ={ยถ\ร9G*\ร\ร\รWcSย6ยตยตยฉn\รฅJรย?_YYYรฒx<ยฆOCยc@\รขรยW\รฃM\\\0ย\รซ\ร\รGomk\รรบยฆ&รบ\รจ	ยขย$ย>:\ร0รบ\รจH@xQยกz\รzBmยฆlA\รง\รฉ`รย%Zยตfยย\ร\ร*7/\รรด9\0\0รb|ยkรฐ:ย\รกhT\รฏยฝรป.}t\รGยFp}t\ร\รรดs\รญยฟxD\ร3}`ยยรยยฟยดg\รVยkGยชรฒzยฝZQ_ยฏ{\รฎยฟ_w\รuย**+ยI\รยรฐ:ยพ@ยยซ1ย\ร\Z\รจ\0ยฆ\รGw}t iรด\ร\รG\รm\ร9ยฐยซยฃยฃรฝ\รคยฑcย\รงHEรนรนรนยชยซยฏ\รรธ\รชWยตv\ร:JJ\รครณรฑ[\ร0ยย:\\ยยฟยชย5\ร|\Z}tg\ร\รG?uรฒ$_ยฃรฑยฃย8lยชย~vPE\ร/iย\ร\รยs ยฏ8Pรณรป\ร\รxยฎยฉ(77WรซยยยดยฎยฑQw\รuยยฒยณยณMยLc@\รขรยWc@ย5\ร|ยยฑยฑ1]ยบxQ\รงรย\ร\รรธยธ\ร\รฆ\ร\รฃYรทรนรฝ~ยuย3=ยค9|ยธ.ย\รรย\รค|ยฉVยฏ.*รยยยตยg\ร\รNxQยกzNGkยฟยนJ/ย>ยฐร\รp\รs\รญH5ยGยยดvรฝzmยพ\รงยญ\\ยตJ\รฅรณ\รฆยพ\nรธc\รจ@\\\ร\รกj\รจยฐ:ย\ร348H\ร!5ยตยต\รฉ@r\รจยฃZ[ยฎ\รรด\ร\ร\nยs Ntรยรยฒsrt\รงยฆMzรยกยยดz\ร\Z<\ร\รb@\รขรยW\รฃยฏ6`\rt\03A\ร9รดรยยค\รGD=\รฅ\ร9@\รงยฉยชยคยฌL\รWยฌรยถ/Yยตรย)77Wยฏ\รรดYร\รงb@\รขรยWc@ย5\ร\รcยชยรพรฑยฅKรฒ\รง\รฆ2ยค\'hยชย^S[ยซย\รฎnยพF\รขGp}รดยC\รงH\0ยsยคยชรยข\"ยญยน\รฃ}รฑยGTยฟjยยฒยฒยฒLย\ร:tยธ\Z:ยฌรย ^ccc:\รฎ}tยuยsK=\';รป|EUรย\รฉยฃ\0ย\รGO	tรย8\ร9Gยช\ร\ร\รรยwรยฅ\r7jE}ยฝรผ~ยฟรฉยยยธ1ยqa@ยยซ1ย\ร\Z\รจ\0E\ร97รท\รy\รHHp8\Z\รv\รช\รญยท/รตE\"ยยยซWรทย>ยฐ}tk\ร9ยฐยซยฃยฃย\รกยฉh\รฅย5ยบรป\ร{ยตยขยพ^\ร%%\ร\ร\ร4}ยt .\รจp5tXย@ยฒ\"ยย>xรท]ยย\รจยฃ\'ยฉยฆยถV\r\ร\รรดรย\รรย;รท.รยบรยยn\r:\รง@vutยด\รฏรยปwS,\รรยต#ยยฌklTรยฝรทยชยฑยนYยยรน|รผV5\รฌรยรยยฎ\ร_ยร\Z\รจ\0ย0666\รGยฟ:4ยครยฌ,ยรด\รGยFp\รTรฝรY5ยTยฉ\รรย\ร9ยย\ร\รจยรณ\ร9RBeuยต}\รฌ1ยญ]ยฟ^ยยyยฝ^\ร\'ย`@\รขรยWc@ย5\ร8illLgz{\รฉยฃ;ย>:ยยด[รบรจยยยoยยฆยlรถยญUzย>ยบk\ร9\รขD\รงยฉ\รฌ?|รตยซ\ร\รรยฆย\รBยsยคt .\รจp5tXยรlยย\รฎรบ\รจ@รย\ร\ร\รจยถ#ย]ยฃย$ย>ยบqtรย\ร9Gยชjim\รC?ยฌรยช*รน|>y<\ร\'ยc@\รขรยWc@ย5\ร\ร&รบ\รจรยกย$ย>:\ร รบ\รจsย\ร9ย\0:\รงHUยซ\รฏยธCรยพรผe-ยฏยซย?7ย\รก)ยย:\\ย\ร`@0\รnรฎยฃยOL\ร\รฃรฑ0ยค\'ย>:ยยด[ยuยEยฃ1ยt 9S}รด_ย\รc|ย>+\รจย	ยsยTUยฝhยยพรถ\รoj\รญยบu\รรฑรปรยรยยธ0ย\ร\ร\รa\rt\0sellL=\ร\ร\รชยDย\ร\รจยฃ\'ย>:ยยด\รp4ยบย>:\รยuยtรย8\ร9G*{รฐย_\ร}ร \ร9\ร:tยธ\Z:ยฌรย`ยฎE\"รบ\รจยกย$mยบยรยณ\รฎ@รฒx\ร\ร1tรย\ร9GยชยบยณยฅE_รยบUยkj\รครตzรยvรยยธ0ย\ร\ร\รa\rt\0ยฆ\รGw}t iรยPยจย>:\รยยฉg\รรตรยรย>3tรย\ร9GยชZ^Wยงยญรยถยฉ~รตj\รฅ\ร9G\Zc@\รขรยWc@ย5\รยD\ร9รดรยยค\รGยถยนZG[ยซรตย\ร\รj\รขYรท\รE\รงH\0ยsยคยชyรณ\รงรซยกยรยย2ย#\รญ1ยqa@ยยซ1ย\ร\Z\รจ\0รย>ยบs\รจยฃIยปยฅยยพiรณfย, 	ย\รGรฝs\ร9\รขD\รงยฉlรย5\ร|รทรยช\\ยธยยฟ\'n`@\รขรยWc@ย5\รยธ\ร\ร}รด@iยฉrรผ~~\ร Aรดรยยคยยฃ\ร\รy\รp}รด?B\รงH\0ยsยคยชยe\รรด\รยฟยจuยย**.ย\ร\รซ5}\ร\Z\รจ@\\\ร\รกj\รจยฐ:\07ยzรย>zรฒ\รจยฃIย~รย!p}t:\รง@\"\รจย#U\รฅhรณยฝรทยช\รญย{TRZ*ยย\รV>ยย:\\ยยฟรย5\รยธ\รTยฝ\'R,ยฃยยรบ\รจ@\ร\รจยฃK\ร>zย\ร9:\รงHUยชยฉยญรย`P+\รช\รซรย\รรยรยยฎ\ร_รฑร\Z\รจ\0\รn8\Zยฅย\รฎรบ\รจ@รยฆรป\รจยกPยจยผยฑยนรน\ร6Kยฃ>zX\ร\รoยฟยขยถยดhยท\รฉc\0\ร9G*รณรปรฝยบw\ร\ร\รรยขยยฒ2\ร\รง\0ยฎรยรยยฎรยk0ยยฐ}t\รง\รGย\รฌยDยรฒยฌ;\รย\รฎยฃ\รรฒ\\รป\รขBรตย>ยฐยsยคยฒยต\รซ\รk\รซcยi\ร\รข\ร\ร\ร\ร2}`t .\รจp5tXยยm\รจยฃ;ย>:ยรบ\รจย\รRยจยย4รธยยzรพรยทรดรยต3C\รงยฉlAEยยพรบยohรยบu\ร\ร\ร6}`t .\รจp5tXยยย>\รG\รรฑรปUPP`รบ,+\รGยFpย\รฅ}รด\รฉ\รรนรยต\รoรบรtรย\รชVยญ^ยญยถรป\รฎSiYยยผ^ยฏ\รฉs\0\รซ0ยqa@ยยซ1ย\ร\Z\รจ\0l6\รGรฟรธ\ร%\ร\รซU \รYรท\รGยFpยย}รดยฐยครยยรฟ\ร=รบยฉ\รฉc\0\ร9GยชยซยฌยชRรฐย_Tรย\r*,,ย\ร\รฃ1}`%t .\รจp5tXย@*ยD\":u\รข}t\รGยFpย}รด[:\รงk\รu\รรดAย\r\รจย#ยe\รง\รคh]cยฃย_รธย\รฆรย/ยย\ร*ยรยรยยฎ\ร_ร\Z\รจ\0R	}t\รง\รGยBpยรป\รจtรยรผ\รชยยถยผ\รรยนย\ร9Rย\ร\รง\รWรฟ\รฃ\ร\r\r\ร\ร\ร4}ยรยยธ0ย\ร\ร\รa\rt\0ยฉย>ยบs\รจยฃIยฃย8\ร%}t:\รง@ยยฆยkยฟtรฑbย\รจย#Eยญol\ร\รรยถยฉ|รพ|รยง\0)ยย:\\ย\ร`@ยยช\รจยฃ;ย>:ย4รบรจยยรถรยงยk\รฎAรฝp~`ยฝยรยยฟยดg\รVยkG*+ย?_[|Pย\ร\ร\ร\ร\ร3}ยrรยยธ0ย\ร\ร\รa\rt\0ยฉย>ยบs\รจยฃIยฃย8hรป\รจยทt\รyยฎยย]\รญ\'ยkd8Gยชรฒรบ|ยช[ยนRย<รถยTT\รK\รซย\รจ@\\\ร\รกjรผ\รยฌรย ]Lรต\ร/ย?ยฏย\รBรบ\รจIยย$ย>:\รยฐY\รฌยฃ\ร9รฐrgg\รK{รถlยฅsยT\รvรฏยฝยบs\ร&\รฅ\รฆ\รฆย>7ยยยP,\ร\รค\รคยค|>ยFGGuuhHยฃccยบv\รญย\"Wยฎhb|\\#ยฑย\รครฑ\รจ\รชรยยฎ\riltTยฏWยพรฟ \ร\รครย&\'\'\รฅรฑxรฟ7:tยธ\Zยยต\0\รB\รhToย8ยกรณ\รงรยฉq\ร545ยฉยธยธ\รรดYV\nยบ?Tq ย}]]\รชยDLย\รfยง$ยฝ\รรยฅรยยท455ยผ/|\รรดQย\รvยดhwkยตรถยทK?\รฏPยยคยช$~ยนรฐยขBรตยผรตยรยยบHuยฏ8Ps\รขรยฑยฆยรพรพb1ย#ย\ร\ร\รkรยฆMย7oยยผ^ยฏ\รฉs\ร\ร\ร\รย\"Wยฎ\ร\รซรฑยจยฏยฏOcยฃยฃยบรฒรฑรยยย\ร\ร\รยFGG511ยกยกย\rยชยฌยฌL\ร~ยฟ\รFG522ยขรย\รฅรธรฝยยยPIYยยผย|>ยJ\ร\ร\รฅรณxTPTยครผรผ|\รฅ(#3S\รYY\รรฑรป\รฅรฑx\ร\0H\0:\0\0.ยนrEยฏรผรณ?ยซ\รงยรยฐaยVยฎZยฅยย\รgYยฉยฑยนYย\ร\ร\ร\รรยฅ#ย1ยครฑ\ร\รw\รฅย^\รฉ\รช\ร\ร\nยญรธรถSOยฝdรบ รfm\ร\รG\รฏg\รช\ร_ย\ร	\รฉaIรยพQ?\รรยขรยณs%ยZN?^รผรยฟรผ\ร\รงHu\ร\ร\รZ\รรยคยย6)++\รรด9icbbBยtuhH}}}\nย9ยฃยซCCยบยh \รร\รย2324:6&ยรยซ\ร\รQMNN~\รฆยฏu\รกรย?รบรทยo|\ร<\ร\ร?รฝ\รฏรนยบยป\รฅรฑz51>ยฎ\ร\รIยยยi|lL\ร99ZPYยฉEย+\'7Wย*(,ยรพj\0\0|>รพรฑ3Xรฃยยงยรพยพn|\0\รฉjimยญ\รฎรฐA-ยจยจ`HOรยพยฎ.\รญ\รซ\รช2}`ยซรญยยด%\รฌ\รคktร\รรย;\รรยoรผ\รก\รง\r\รฉ\รง@vutยด3ย#รธ22รผ\รTยป|ยนรผ~ยฟ\รฉsR\รรยซWยฅ\รIEรบรบ\รย\รจรผยนsยบk8\ร\ร\รย\ร\ร\รLยยจ\ร\รLeffยชยฒยบZรยย\รฆ/Xย@qยฑรฒยยย\ร\ร\รฉรป\รฏ\ร=ยงรพยพ>\รg\0ยถรธยยงยy\รฆgยฆย\0nย?C\ร\Z\รจ\0pย\ร\รฏWMmยญ6ยตยตiIMย\รฉsยฌยDยดรฟรยรยMยรย!p\รMCรบยงGรดยฐ$ยตV\รฉ\ร\รv=>รทยv\รขยนvยคย;\Z\Zยดa\รฃFJJLยยย&&&4<<ยฌH$ยขwOย\ร@_ยรบรปรปuuhH\ร\ร\รจรด\รจn\รฆ\ร\รPEEยยช-Rnnยฎย\ร\ร)\ร\รงSn^ย\รฉ\รR:tยธ\ZOยธ\0`ยOรท\ร\รฏjm\รฅkรด}รน\รซ_รย\รZรบ\รจ@b\รจยฃยปMย\ร9\'ยsยคย\รฌย5oรยจ\รฆ;\รฏTffยฆ\รฉsR\ร\รรยF\ร\รt\รช\รคI\r\รจ\รฃย?V_$b\ร`รพi\รฃcc:{\รฆยรย9#I:|\รจย\รช\รชรซยตยยฒRรณ\รฆ\รWQQ_ยฅ\0 ย\รจ	ยฌqwkkยซยคย\รฉ;\0ร-ยยฃQรตtw\รซloยฏrrsUPPยยรพรยธDTTVjS\รรตM\"ยLยท\รฅ\0\รXp8\Z\ร\ร\nรตยBยกรฒ\ร\รฆ\รฆwL\รlqยกรบรพยฒA\รK\รช;3ยจ\ร\รฏยฌ\รรฟรตยGรด=\รwยถ\ร\ร\ร\รรพร{รฏยญย\รb+\รฉQ\รรท\0ยณ)3+K}\รกยช_ยฝZ\ร\รรยฆ\รI	รฝยยยฎ]ยปยฆรยฟ_ยงNย\ร\รCย\รช\รฎรยรณ\รง580รฐยน\รญr\รรยยu\รกรผy}\n\รฉ\รขยยบ:4$^\รรด?ยรยย#oยพยฉยฟย\0\ร\ร\รฏยบรถ\รญ;bรบ\รvรธ3 ยฌร\รฎ\0รฐรน\รจยฃ;#ย\รจ\รจยกCรดรย\รรฑยฌ;\0รยย:\รง_ย#\rยฌ]ยฟ^wmรยค\ร\รข\รข?รฝ?ยรยยยP,\ร\รฅKยt\รกรผyย\รฎ\รฉ\รG\รง\ร+\Zยย>รยยฒรฒr-ยญยญU\รญยยชยฌยชbDยOยธq\รก	wยธ\Zยยฉ\0ย\"B\ร\ร:รฟ7C=Iย@@รทยjhnรยยฟรพยตzยบยปMย\รfรบYรทWยบยบยถ2ยค\0fรยต#\รdffยช\รญยพรปยด\รฆย;ยยยeรบkEยฏ]\ร\รฅKยt\รฎ\รฌYยรพรฐC}t\รฎ\รรฟ\รรย6Wa\รi\รรพiA @\รฌ`\ร\ร\รยผa\รฃยยยณt<\ร\รรด\ร<=U\รTรตT\รฅtuยบยซ\รฆ\รคยคยช+รต\รTzยฆยqz\รยท\รญxร`lยผยฑ8ยณK\รฌ$!	ยด\รฉH:\รงyรยฑ\ร\n`ยฃรตย\รซยช\รW\รซ\รฎยชv\รฅรธ\รรบรฟ\รฎยz]>^W::ยขยซยซ+Nยตยด\ร\รUยซb\รรฝรท\รรผยขยช\ร1[\0รย\0Jย}รด\ร\ร\ร\รรพ\รฃ\รรพรยฟFยทยcfย)ยฅ8ยงUVUรยณรยถรยk\ร*\รรยฉยงยง\'ย>-\ร\ร\รvรนrรยพ4ยฟย|>#\ร\ร\ร\ร\รW::\รข\รจย#ยฑ\รฎย\รข\รฎยตkc\รรผรน_ยwยRยฆ@ย\ร\ร\ร;\ร|3Nย<ยo\รยซVยฏVยคย\รCย6\รCย6\ร\ร\รญ\รcรฟรยฝยtยปยvwvรย\รญ\ร\ร\ร\รr\รรฝรฑยย:\0\ร\รฏ+\รง\รรงยย{รยญยรยz*\รฆรยย:J\ร\ร\รงรณqรธรยก8qรผx\\8w.2รฝรฝยฉ#ย\\.=รยฎ\รร}รปยขยซยญ-ย,_ยฌ_uuuQQYย:\0LwW(\ZO=รฑ\รยฑ-uยb\ร\ร\รย}รบiย?{6\Z,ยyยยยฉ#ยญUMMq\ร}รทE}}}ยjiIยรยถรฎยฎยฎ;ยทoยข\"ยขkUSS{\รช@\0ยยรฟ\รฌg?z\รง\รญยท7รยรฒย21ยฃยฆ&6=รผply\รฆยhย3\'uยยขrรถรย8tรฐ`ยผรพ\ร+qรดรฐ\รกยธ\ร\ร\รCCยฉcย\รก\รก\รกยธr\รฅJย=}:ยบ:;ยฃยฎยถ6f\ร\รDuuยตยรดยฏ\รรฟ\ร\'180ย:ยWยถ\รฏรยน?uยธ:ECย0~]]]q\รครณ\ร\รฃรผยนs\ร0gย\"}ย\รช\รซ\รซcUSSlรยด).]ยผ\รจ5:ยรยถย\รvยชยฅ\รฅยฌ\"ยยฑรยณ{รทยช\ร_}รตยนยฏยผ:รฟA\รชL0]รพรธ?รผยXรฟ\รCQ\รญtรถ-\รฉ\รฏ\รซยK/รยปoยฟยพรฟ~ย9}:ยฒ\รl\รoยOย\ร+Wยขยฃยฃ#รบยฎ]ยยยGmmm\รชHCยcยข@ยงย9\รก\0e\รขยซรป\รจOl\ร\รซ7nt\ร}ยยพ\รGw\ร\ร\ร>:\0ยท\ร\ร9\รฅlรยฒeรฑ\รรยญqรยยฉยฃย\ร\ร\รh9q\">รยณ\'ยขยฒยฒ2FFFR\ร*Imm\ร\ร\รรฝยฑรถย{bรยwยฆย\0ย\รtยย\รจ\0ยc ยย\รฃรย\รรนยณgยฃn\รฆ\รhhhย\รชjยฟS7ยซยยbรณย-รฑoยฏรผรผยฆ9ยรยถยL\รฆ\รS--g[ZZ=ยดi\ร\รรย\0(?รฟ\ร\ร~tรฒรธรฑuยยยรฟ+ยผ8ยงรยฌยพรณ\รรธ\ร~ย/v\"รปkdยณรยย\รรพ\รยฑรฟรฃยยฃรนรย/รฟยฝรยรณยฉย\รรฅยขยณยฃ#รย:\ร##1รพรผยจยชยชย\ร2\รFรท\ร\รt\nยยยขยก@ย\\รถ\ร\'ย}tย0รป\รจ\0|\ร\ร9รฅยฌยชยบ:ย{รพรน\รรฒ\ร3Q__ย:NA\รซ\รจ\รจยO>รผ0\ร~รฝรตยธp\รกBรดรตรถzq>\รรฒรน|\r\rEรยฅKยยฏยจยรยยhย3\'uยฌd\รจ0&\nt\nยยยขยก@ย\Z_\รฌยฃ_ioยรบย3\รฉ\รฃรด\ร}รด#ย\รฎ5:ยย}tย2g\รงยrWQQ/|\รฏ{ยฑvรยบยa\รฏรผยฆย9\รฏ\รญ\ร\รฌ\ร\รงรยยฑo^\0FFFยขรฝรฒ\รฅ\รจ\รช\รฌย\รรนรณc\ร\รฌ\รey9Aยcยข@ยงย)\ร)\Z\ntยยฉ3<<[[\รฃbkk\รคFFb\รก\รข\รรยบยS}}ยฝยณ\รฎ01_\รฉรปรท\รญ[[W[{q\รmยทรตยฆร\รรนยข8wยฎยr6wรยผรธรพ\รยoยญ\\UUยพยฒรฝC_รผ;\รซ\รซรฟรบยฏยฑรยพ\รจhoย\รก\รก\รกรยฑรธยยยย\รจ\รฉ\รฉย\ร\ร\ร1sรยฌย\ร\รPvยฟยข@ย1QยS\ร|\Zยฃh(\รยฆ^oOย}รดIรฒ\ร}tg\รa\\ยถ\rd2/9|ยธยฝยปยซยซ\รขย{\รฏ=ย:\0ย\ร\ร9D,[ยพ<ยถยฝรฐB,Xยฐ *ย\รงยฃd2\รz\รกBรผรฒรพ!>รยฟ?ยบยปยบ\"ยรยฅย\รM\รครณรนย','0711231234','admin@ims.com',NULL);
/*!40000 ALTER TABLE `business` ENABLE KEYS */;
UNLOCK TABLES;

--
-- Table structure for table `city`
--

DROP TABLE IF EXISTS `city`;
/*!40101 SET @saved_cs_client     = @@character_set_client */;
/*!40101 SET character_set_client = utf8 */;
CREATE TABLE `city` (
  `cityID` int(11) NOT NULL,
  `cityName` varchar(45) DEFAULT NULL,
  PRIMARY KEY (`cityID`)
) ENGINE=InnoDB DEFAULT CHARSET=latin1;
/*!40101 SET character_set_client = @saved_cs_client */;

--
-- Dumping data for table `city`
--

LOCK TABLES `city` WRITE;
/*!40000 ALTER TABLE `city` DISABLE KEYS */;
INSERT INTO `city` VALUES (1,'Port Elizabeth'),(2,'East London'),(3,'Grahamstown'),(4,'Graff-Reinet');
/*!40000 ALTER TABLE `city` ENABLE KEYS */;
UNLOCK TABLES;

--
-- Table structure for table `condition`
--

DROP TABLE IF EXISTS `condition`;
/*!40101 SET @saved_cs_client     = @@character_set_client */;
/*!40101 SET character_set_client = utf8 */;
CREATE TABLE `condition` (
  `ConditionID` int(11) NOT NULL,
  `ConditionDesc` varchar(45) DEFAULT NULL,
  PRIMARY KEY (`ConditionID`)
) ENGINE=InnoDB DEFAULT CHARSET=latin1;
/*!40101 SET character_set_client = @saved_cs_client */;

--
-- Dumping data for table `condition`
--

LOCK TABLES `condition` WRITE;
/*!40000 ALTER TABLE `condition` DISABLE KEYS */;
INSERT INTO `condition` VALUES (1,'New'),(2,'Exellent'),(3,'Very Good'),(4,'Good'),(5,'Fair'),(6,'Scrap');
/*!40000 ALTER TABLE `condition` ENABLE KEYS */;
UNLOCK TABLES;

--
-- Table structure for table `equipment`
--

DROP TABLE IF EXISTS `equipment`;
/*!40101 SET @saved_cs_client     = @@character_set_client */;
/*!40101 SET character_set_client = utf8 */;
CREATE TABLE `equipment` (
  `EquipmentID` int(11) NOT NULL,
  `Name` varchar(45) NOT NULL,
  `Desc` varchar(45) NOT NULL,
  `LocationGps` varchar(45) DEFAULT NULL,
  `LocationPerson` int(11) DEFAULT NULL,
  `Cost` decimal(50,0) NOT NULL,
  `EquipmentCondition` int(11) DEFAULT NULL,
  `Brand` int(11) DEFAULT NULL,
  `Section` int(11) DEFAULT NULL,
  `Type` int(11) DEFAULT NULL,
  `Status` int(11) DEFAULT NULL,
  `ConditionPicture` blob,
  `DateReceived` datetime DEFAULT NULL,
  PRIMARY KEY (`EquipmentID`),
  KEY `userID_idx` (`LocationPerson`),
  KEY `conditionID_idx` (`EquipmentCondition`),
  KEY `brandID_idx` (`Brand`),
  KEY `typeID_idx` (`Type`),
  KEY `sectionID_idx` (`Section`),
  KEY `statusID_idx` (`Status`),
  CONSTRAINT `brandID` FOREIGN KEY (`Brand`) REFERENCES `brand` (`BrandID`) ON DELETE NO ACTION ON UPDATE NO ACTION,
  CONSTRAINT `conditionID` FOREIGN KEY (`EquipmentCondition`) REFERENCES `condition` (`ConditionID`) ON DELETE NO ACTION ON UPDATE NO ACTION,
  CONSTRAINT `sectionID` FOREIGN KEY (`Section`) REFERENCES `section` (`SectionID`) ON DELETE NO ACTION ON UPDATE NO ACTION,
  CONSTRAINT `statusID` FOREIGN KEY (`Status`) REFERENCES `status` (`StatusID`) ON DELETE NO ACTION ON UPDATE NO ACTION,
  CONSTRAINT `subTypeID` FOREIGN KEY (`Type`) REFERENCES `subtype` (`SubTypeID`) ON DELETE NO ACTION ON UPDATE NO ACTION,
  CONSTRAINT `userID` FOREIGN KEY (`LocationPerson`) REFERENCES `user` (`UserID`) ON DELETE NO ACTION ON UPDATE NO ACTION
) ENGINE=InnoDB DEFAULT CHARSET=latin1;
/*!40101 SET character_set_client = @saved_cs_client */;

--
-- Dumping data for table `equipment`
--

LOCK TABLES `equipment` WRITE;
/*!40000 ALTER TABLE `equipment` DISABLE KEYS */;
/*!40000 ALTER TABLE `equipment` ENABLE KEYS */;
UNLOCK TABLES;

--
-- Table structure for table `inspection`
--

DROP TABLE IF EXISTS `inspection`;
/*!40101 SET @saved_cs_client     = @@character_set_client */;
/*!40101 SET character_set_client = utf8 */;
CREATE TABLE `inspection` (
  `InspectionDesc` varchar(45) DEFAULT NULL,
  `Date` datetime DEFAULT NULL,
  `Status` int(11) DEFAULT NULL,
  `equipmentID` int(11) NOT NULL,
  `userID` int(11) NOT NULL,
  PRIMARY KEY (`equipmentID`,`userID`),
  KEY `inspectionStatus_idx` (`Status`),
  KEY `equipmentID_idx` (`equipmentID`),
  KEY `userID_idx` (`userID`),
  CONSTRAINT `equipmentID` FOREIGN KEY (`equipmentID`) REFERENCES `equipment` (`EquipmentID`) ON DELETE NO ACTION ON UPDATE NO ACTION,
  CONSTRAINT `inspectionStatus` FOREIGN KEY (`Status`) REFERENCES `inspectionstatus` (`InspectionStatusID`) ON DELETE NO ACTION ON UPDATE NO ACTION
) ENGINE=InnoDB DEFAULT CHARSET=latin1;
/*!40101 SET character_set_client = @saved_cs_client */;

--
-- Dumping data for table `inspection`
--

LOCK TABLES `inspection` WRITE;
/*!40000 ALTER TABLE `inspection` DISABLE KEYS */;
/*!40000 ALTER TABLE `inspection` ENABLE KEYS */;
UNLOCK TABLES;

--
-- Table structure for table `inspectionstatus`
--

DROP TABLE IF EXISTS `inspectionstatus`;
/*!40101 SET @saved_cs_client     = @@character_set_client */;
/*!40101 SET character_set_client = utf8 */;
CREATE TABLE `inspectionstatus` (
  `InspectionStatusID` int(11) NOT NULL,
  `InspectionDesc` varchar(45) DEFAULT NULL,
  PRIMARY KEY (`InspectionStatusID`)
) ENGINE=InnoDB DEFAULT CHARSET=latin1;
/*!40101 SET character_set_client = @saved_cs_client */;

--
-- Dumping data for table `inspectionstatus`
--

LOCK TABLES `inspectionstatus` WRITE;
/*!40000 ALTER TABLE `inspectionstatus` DISABLE KEYS */;
/*!40000 ALTER TABLE `inspectionstatus` ENABLE KEYS */;
UNLOCK TABLES;

--
-- Table structure for table `loginhistory`
--

DROP TABLE IF EXISTS `loginhistory`;
/*!40101 SET @saved_cs_client     = @@character_set_client */;
/*!40101 SET character_set_client = utf8 */;
CREATE TABLE `loginhistory` (
  `UserID` int(11) NOT NULL,
  `LoginDateTime` datetime NOT NULL,
  PRIMARY KEY (`UserID`,`LoginDateTime`),
  CONSTRAINT `userIDL` FOREIGN KEY (`UserID`) REFERENCES `user` (`UserID`) ON DELETE NO ACTION ON UPDATE NO ACTION
) ENGINE=InnoDB DEFAULT CHARSET=latin1;
/*!40101 SET character_set_client = @saved_cs_client */;

--
-- Dumping data for table `loginhistory`
--

LOCK TABLES `loginhistory` WRITE;
/*!40000 ALTER TABLE `loginhistory` DISABLE KEYS */;
INSERT INTO `loginhistory` VALUES (2,'2018-07-07 12:38:50'),(2,'2018-07-07 12:41:26'),(2,'2018-07-07 13:08:52'),(2,'2018-07-07 13:27:39'),(2,'2018-07-07 13:28:09'),(2,'2018-07-07 13:35:06'),(2,'2018-07-07 13:35:51'),(2,'2018-07-07 13:39:01'),(2,'2018-07-07 13:42:34'),(2,'2018-07-07 13:59:39'),(2,'2018-07-07 14:01:10'),(2,'2018-07-07 14:02:26'),(2,'2018-07-07 14:34:24'),(2,'2018-07-07 14:35:10'),(2,'2018-07-07 14:35:51'),(2,'2018-07-07 14:38:40'),(2,'2018-07-07 14:40:03'),(2,'2018-07-07 14:42:38'),(2,'2018-07-07 14:45:57'),(2,'2018-07-07 14:47:15'),(2,'2018-07-07 14:50:06'),(2,'2018-07-07 14:59:25'),(2,'2018-07-07 15:03:36'),(2,'2018-07-07 15:07:25'),(2,'2018-07-07 15:10:37'),(2,'2018-07-07 15:11:19'),(2,'2018-07-07 15:13:09'),(2,'2018-07-07 15:15:15'),(2,'2018-07-07 15:18:48'),(2,'2018-07-07 15:20:41'),(2,'2018-07-07 15:21:31'),(2,'2018-07-07 15:23:26'),(2,'2018-07-07 15:25:55'),(2,'2018-07-07 15:28:32'),(2,'2018-07-07 15:29:25'),(2,'2018-07-07 19:01:20'),(2,'2018-07-07 19:02:54'),(2,'2018-07-07 19:23:05'),(2,'2018-07-07 19:24:29'),(2,'2018-07-07 19:25:06'),(2,'2018-07-07 19:26:26'),(2,'2018-07-07 19:26:55'),(2,'2018-07-07 19:27:56'),(2,'2018-07-07 19:31:19'),(2,'2018-07-07 19:34:10'),(2,'2018-07-07 19:41:12'),(2,'2018-07-08 09:41:21'),(2,'2018-07-08 09:42:24'),(2,'2018-07-08 09:58:26'),(2,'2018-07-08 10:19:40'),(2,'2018-07-08 10:25:25'),(2,'2018-07-08 12:19:01'),(2,'2018-07-08 12:22:06'),(2,'2018-07-08 12:22:46'),(2,'2018-07-08 18:03:43'),(2,'2018-07-08 18:05:44'),(2,'2018-07-08 18:07:30'),(2,'2018-07-08 18:12:09'),(2,'2018-07-08 18:12:27'),(2,'2018-07-08 18:14:59'),(2,'2018-07-10 10:38:53'),(2,'2018-07-12 21:10:23'),(2,'2018-07-12 21:12:36'),(2,'2018-07-13 08:21:25'),(2,'2018-07-13 08:24:07'),(2,'2018-07-13 08:24:32'),(2,'2018-07-13 08:25:36'),(2,'2018-07-13 08:36:17'),(2,'2018-07-13 09:00:34'),(2,'2018-07-13 09:02:06'),(2,'2018-07-13 09:03:37'),(2,'2018-07-13 09:11:52'),(2,'2018-07-13 09:12:24'),(2,'2018-07-13 09:13:24'),(2,'2018-07-13 09:26:39'),(2,'2018-07-13 09:28:17'),(2,'2018-07-13 09:39:10'),(2,'2018-07-13 09:39:40'),(2,'2018-07-13 09:42:11'),(2,'2018-07-13 09:45:46'),(2,'2018-07-13 09:47:08'),(2,'2018-07-13 09:47:59'),(2,'2018-07-13 09:48:53'),(2,'2018-07-13 09:49:54'),(2,'2018-07-13 09:50:27'),(2,'2018-07-13 09:50:47'),(2,'2018-07-13 09:51:36'),(2,'2018-07-13 09:55:33'),(2,'2018-07-13 10:02:49'),(2,'2018-07-13 10:02:57'),(2,'2018-07-13 10:03:47'),(2,'2018-07-13 10:04:22'),(2,'2018-07-13 10:04:58'),(2,'2018-07-13 10:05:51'),(2,'2018-07-13 10:14:45'),(2,'2018-07-13 10:15:49'),(2,'2018-07-13 10:16:07'),(2,'2018-07-13 10:21:03'),(2,'2018-07-13 10:21:45'),(2,'2018-07-13 10:22:30'),(2,'2018-07-13 10:23:17'),(2,'2018-07-13 10:28:21'),(2,'2018-07-13 10:28:35'),(2,'2018-07-13 11:21:44'),(2,'2018-07-13 11:24:04'),(2,'2018-07-13 11:24:41'),(2,'2018-07-13 11:24:58'),(2,'2018-07-13 11:25:25'),(2,'2018-07-13 11:32:17'),(2,'2018-07-13 11:32:36'),(2,'2018-07-13 11:44:17'),(2,'2018-07-15 15:51:03'),(2,'2018-07-15 15:53:08'),(2,'2018-07-15 15:54:18'),(2,'2018-07-16 11:46:24'),(2,'2018-07-16 13:23:58'),(2,'2018-07-16 20:18:58'),(2,'2018-07-16 20:19:50'),(2,'2018-07-16 20:20:10'),(2,'2018-07-16 20:22:48'),(2,'2018-07-16 20:23:26'),(2,'2018-07-16 20:24:18'),(2,'2018-07-16 20:25:03'),(2,'2018-07-16 20:25:29'),(2,'2018-07-16 20:26:04'),(2,'2018-07-16 20:27:14'),(2,'2018-07-17 09:14:22'),(2,'2018-07-17 09:20:34'),(2,'2018-07-17 09:21:39'),(2,'2018-07-17 09:22:13'),(2,'2018-07-17 09:23:00'),(2,'2018-07-17 09:23:42'),(2,'2018-07-17 09:25:23'),(2,'2018-07-17 09:25:52'),(2,'2018-07-17 09:27:02'),(2,'2018-07-17 09:27:40'),(2,'2018-07-17 10:20:14'),(2,'2018-07-17 10:22:56'),(2,'2018-07-17 13:33:00'),(2,'2018-07-17 13:33:34'),(2,'2018-07-17 17:53:06'),(2,'2018-07-17 17:59:49'),(2,'2018-07-17 18:07:02'),(2,'2018-07-17 18:08:29'),(2,'2018-07-17 18:10:21'),(2,'2018-07-17 18:10:59'),(2,'2018-07-17 18:15:44'),(2,'2018-07-17 18:16:18'),(2,'2018-07-17 18:53:20'),(2,'2018-07-18 06:51:50'),(2,'2018-07-18 06:55:05'),(2,'2018-07-18 07:04:59'),(2,'2018-07-18 07:06:23'),(2,'2018-07-18 07:06:46'),(2,'2018-07-18 07:08:31'),(2,'2018-07-18 07:09:27'),(2,'2018-07-18 07:10:36'),(2,'2018-07-18 07:14:39'),(2,'2018-07-18 07:16:00'),(2,'2018-07-18 07:16:56'),(2,'2018-07-18 07:17:38'),(2,'2018-07-18 07:18:06'),(2,'2018-07-18 07:19:04'),(2,'2018-07-18 07:20:02'),(2,'2018-07-18 07:22:30'),(2,'2018-07-18 07:23:24'),(2,'2018-07-18 07:23:59'),(2,'2018-07-18 07:25:52'),(2,'2018-07-18 07:29:03'),(2,'2018-07-18 07:29:49'),(2,'2018-07-18 07:33:40'),(2,'2018-07-18 07:34:02'),(2,'2018-07-18 07:42:00'),(2,'2018-07-18 07:44:48'),(2,'2018-07-18 07:49:07'),(2,'2018-07-18 07:52:45'),(2,'2018-07-18 07:53:04'),(2,'2018-07-18 07:54:14'),(2,'2018-07-18 07:58:31'),(2,'2018-07-18 08:11:53'),(2,'2018-07-18 08:12:28'),(2,'2018-07-18 08:15:27'),(2,'2018-07-18 08:18:26'),(2,'2018-07-18 08:21:02'),(2,'2018-07-18 08:24:01'),(2,'2018-07-18 08:26:13'),(2,'2018-07-18 08:32:20'),(2,'2018-07-18 08:41:50'),(2,'2018-07-18 08:42:38'),(2,'2018-07-18 09:17:46'),(2,'2018-07-18 09:50:43'),(2,'2018-07-18 09:51:28'),(2,'2018-07-18 09:52:05'),(2,'2018-07-18 11:13:40'),(2,'2018-07-18 11:17:19'),(2,'2018-07-18 11:17:56'),(2,'2018-07-18 11:18:46'),(2,'2018-07-18 11:35:09'),(2,'2018-07-18 11:38:54'),(2,'2018-07-18 11:40:18'),(2,'2018-07-18 12:00:03'),(2,'2018-07-18 12:19:15'),(2,'2018-07-18 12:20:35'),(2,'2018-07-18 12:21:31'),(2,'2018-07-18 12:28:25'),(2,'2018-07-18 12:31:02'),(2,'2018-07-18 13:12:36'),(2,'2018-07-18 13:13:36'),(2,'2018-07-18 13:25:34'),(2,'2018-07-18 13:30:06'),(2,'2018-07-18 13:32:44'),(2,'2018-07-18 13:33:33'),(2,'2018-07-18 13:34:01'),(2,'2018-07-18 16:55:38'),(2,'2018-07-18 16:58:41'),(2,'2018-07-18 16:59:49'),(2,'2018-07-18 17:00:25'),(2,'2018-07-18 17:00:54'),(2,'2018-07-18 17:09:01'),(2,'2018-07-18 17:10:22'),(2,'2018-07-18 17:18:28'),(2,'2018-07-18 17:19:29'),(2,'2018-07-18 17:22:05'),(2,'2018-07-18 17:28:43'),(2,'2018-07-18 17:29:16'),(2,'2018-07-18 17:30:10'),(2,'2018-07-18 17:32:25'),(2,'2018-07-18 17:33:00'),(2,'2018-07-18 17:37:09'),(2,'2018-07-18 17:37:36'),(2,'2018-07-18 17:39:50'),(2,'2018-07-18 17:40:43'),(2,'2018-07-18 17:41:40'),(2,'2018-07-18 17:48:33'),(2,'2018-07-18 17:49:22'),(2,'2018-07-18 17:51:36'),(2,'2018-07-18 18:48:51'),(2,'2018-07-18 18:49:29'),(2,'2018-07-18 18:51:19'),(3,'2018-07-07 12:40:29'),(3,'2018-07-07 13:40:02'),(3,'2018-07-07 13:45:04'),(3,'2018-07-07 13:47:30'),(3,'2018-07-07 14:04:13'),(3,'2018-07-07 14:39:27'),(3,'2018-07-07 14:40:41'),(3,'2018-07-07 14:43:29'),(3,'2018-07-07 14:52:59'),(3,'2018-07-07 14:56:10'),(3,'2018-07-07 14:58:04'),(3,'2018-07-07 14:58:46'),(3,'2018-07-07 15:06:35'),(3,'2018-07-07 15:08:10'),(3,'2018-07-07 15:27:11'),(3,'2018-07-07 19:02:12'),(3,'2018-07-07 19:30:29'),(3,'2018-07-07 19:35:16'),(3,'2018-07-07 19:40:32'),(3,'2018-07-07 19:45:10'),(3,'2018-07-07 19:45:55'),(3,'2018-07-08 09:37:22'),(3,'2018-07-08 09:39:20'),(3,'2018-07-08 09:42:53'),(3,'2018-07-08 09:46:38'),(3,'2018-07-08 09:48:45'),(3,'2018-07-08 09:55:23'),(3,'2018-07-08 09:57:22'),(3,'2018-07-08 09:57:40'),(3,'2018-07-08 10:04:16'),(3,'2018-07-08 10:08:24'),(3,'2018-07-08 10:08:57'),(3,'2018-07-08 10:16:37'),(3,'2018-07-08 10:18:38'),(3,'2018-07-08 10:18:58'),(3,'2018-07-08 10:21:12'),(3,'2018-07-08 10:22:11'),(3,'2018-07-08 10:22:39'),(3,'2018-07-08 10:23:29'),(3,'2018-07-08 10:23:54'),(3,'2018-07-08 10:27:01'),(3,'2018-07-08 10:28:12'),(3,'2018-07-08 10:28:47'),(3,'2018-07-08 10:29:39'),(3,'2018-07-08 10:32:41'),(3,'2018-07-08 12:17:30'),(3,'2018-07-08 12:19:31'),(3,'2018-07-08 12:23:10'),(3,'2018-07-08 12:23:34'),(3,'2018-07-08 18:03:04'),(3,'2018-07-08 18:04:17'),(3,'2018-07-08 18:08:59'),(3,'2018-07-10 10:39:55'),(3,'2018-07-17 13:34:01'),(3,'2018-07-18 07:35:07'),(3,'2018-07-18 07:35:22'),(3,'2018-07-18 07:42:40'),(3,'2018-07-18 07:43:22'),(3,'2018-07-18 07:45:19'),(3,'2018-07-18 07:48:07'),(3,'2018-07-18 08:20:39'),(3,'2018-07-18 08:35:19'),(3,'2018-07-18 08:35:48'),(3,'2018-07-18 08:37:21'),(3,'2018-07-18 08:39:50'),(3,'2018-07-18 08:41:00'),(3,'2018-07-18 08:43:41'),(3,'2018-07-18 08:50:26'),(3,'2018-07-18 08:51:31'),(3,'2018-07-18 08:52:37'),(3,'2018-07-18 09:17:21'),(3,'2018-07-18 09:49:31'),(3,'2018-07-18 10:36:39'),(3,'2018-07-18 10:38:07'),(3,'2018-07-18 10:47:14'),(3,'2018-07-18 10:59:30'),(3,'2018-07-18 10:59:51'),(3,'2018-07-18 11:00:01'),(3,'2018-07-18 11:00:39'),(3,'2018-07-18 11:06:54'),(3,'2018-07-18 11:07:13'),(3,'2018-07-18 11:09:09'),(3,'2018-07-18 11:10:43'),(3,'2018-07-18 11:15:03'),(3,'2018-07-18 11:20:23'),(3,'2018-07-18 11:21:29'),(3,'2018-07-18 11:22:12'),(3,'2018-07-18 11:24:28'),(3,'2018-07-18 11:30:15'),(3,'2018-07-18 11:32:29'),(3,'2018-07-18 11:38:26'),(3,'2018-07-18 11:41:43'),(3,'2018-07-18 11:41:57'),(3,'2018-07-18 12:26:54'),(3,'2018-07-18 12:29:10'),(3,'2018-07-18 12:29:40'),(3,'2018-07-18 12:37:18'),(3,'2018-07-18 12:45:27'),(3,'2018-07-18 12:46:12'),(3,'2018-07-18 12:47:03'),(3,'2018-07-18 12:48:20'),(3,'2018-07-18 12:48:36'),(3,'2018-07-18 13:13:16'),(3,'2018-07-18 13:14:24'),(3,'2018-07-18 13:16:22'),(3,'2018-07-18 13:16:48'),(3,'2018-07-18 13:18:10'),(3,'2018-07-18 13:20:01'),(3,'2018-07-18 13:20:43'),(3,'2018-07-18 13:21:02'),(3,'2018-07-18 13:22:21'),(3,'2018-07-18 13:22:44'),(3,'2018-07-18 13:27:56'),(3,'2018-07-18 13:31:51'),(3,'2018-07-18 16:56:37'),(3,'2018-07-18 16:57:32'),(3,'2018-07-18 17:02:06'),(3,'2018-07-18 17:05:57'),(3,'2018-07-18 17:13:04'),(3,'2018-07-18 17:20:16'),(3,'2018-07-18 17:30:44'),(3,'2018-07-18 17:31:19'),(3,'2018-07-18 17:52:24'),(4,'2018-07-13 08:24:24'),(4,'2018-07-13 08:29:31'),(4,'2018-07-13 08:32:12'),(4,'2018-07-13 08:59:26'),(4,'2018-07-13 09:03:50'),(4,'2018-07-13 09:04:11'),(4,'2018-07-13 09:06:14'),(4,'2018-07-13 09:10:42'),(4,'2018-07-13 09:11:03'),(4,'2018-07-13 09:26:30'),(4,'2018-07-15 15:52:08'),(4,'2018-07-15 15:52:33'),(4,'2018-07-16 12:07:49'),(4,'2018-07-16 13:24:28'),(4,'2018-07-17 09:15:58'),(4,'2018-07-18 07:42:19'),(4,'2018-07-18 11:36:20'),(4,'2018-07-18 11:37:33'),(4,'2018-07-18 11:37:48'),(5,'2018-07-13 08:25:55'),(5,'2018-07-18 11:37:13'),(5,'2018-07-18 11:37:17'),(5,'2018-07-18 11:37:28'),(5,'2018-07-18 11:38:45');
/*!40000 ALTER TABLE `loginhistory` ENABLE KEYS */;
UNLOCK TABLES;

--
-- Table structure for table `maintenance`
--

DROP TABLE IF EXISTS `maintenance`;
/*!40101 SET @saved_cs_client     = @@character_set_client */;
/*!40101 SET character_set_client = utf8 */;
CREATE TABLE `maintenance` (
  `Date` date NOT NULL,
  `Condition` int(11) NOT NULL,
  `Picture` blob,
  `Value` decimal(50,0) NOT NULL,
  `equipmentID` int(11) NOT NULL,
  `userID` int(11) NOT NULL,
  PRIMARY KEY (`Date`,`equipmentID`,`userID`),
  KEY `condition_Idd_idx` (`Condition`),
  KEY `equipment_idd_idx` (`equipmentID`),
  KEY `user_idd_idx` (`userID`),
  CONSTRAINT `condition_Idd` FOREIGN KEY (`Condition`) REFERENCES `condition` (`ConditionID`) ON DELETE NO ACTION ON UPDATE NO ACTION,
  CONSTRAINT `equipment_idd` FOREIGN KEY (`equipmentID`) REFERENCES `equipment` (`EquipmentID`) ON DELETE NO ACTION ON UPDATE NO ACTION,
  CONSTRAINT `user_idd` FOREIGN KEY (`userID`) REFERENCES `user` (`UserID`) ON DELETE NO ACTION ON UPDATE NO ACTION
) ENGINE=InnoDB DEFAULT CHARSET=latin1;
/*!40101 SET character_set_client = @saved_cs_client */;

--
-- Dumping data for table `maintenance`
--

LOCK TABLES `maintenance` WRITE;
/*!40000 ALTER TABLE `maintenance` DISABLE KEYS */;
/*!40000 ALTER TABLE `maintenance` ENABLE KEYS */;
UNLOCK TABLES;

--
-- Table structure for table `section`
--

DROP TABLE IF EXISTS `section`;
/*!40101 SET @saved_cs_client     = @@character_set_client */;
/*!40101 SET character_set_client = utf8 */;
CREATE TABLE `section` (
  `SectionID` int(11) NOT NULL,
  `SectionDesc` varchar(45) DEFAULT NULL,
  PRIMARY KEY (`SectionID`)
) ENGINE=InnoDB DEFAULT CHARSET=latin1;
/*!40101 SET character_set_client = @saved_cs_client */;

--
-- Dumping data for table `section`
--

LOCK TABLES `section` WRITE;
/*!40000 ALTER TABLE `section` DISABLE KEYS */;
INSERT INTO `section` VALUES (1,'Electrical'),(2,'Machanical');
/*!40000 ALTER TABLE `section` ENABLE KEYS */;
UNLOCK TABLES;

--
-- Table structure for table `status`
--

DROP TABLE IF EXISTS `status`;
/*!40101 SET @saved_cs_client     = @@character_set_client */;
/*!40101 SET character_set_client = utf8 */;
CREATE TABLE `status` (
  `StatusID` int(11) NOT NULL,
  `StatusDesc` varchar(45) DEFAULT NULL,
  PRIMARY KEY (`StatusID`)
) ENGINE=InnoDB DEFAULT CHARSET=latin1;
/*!40101 SET character_set_client = @saved_cs_client */;

--
-- Dumping data for table `status`
--

LOCK TABLES `status` WRITE;
/*!40000 ALTER TABLE `status` DISABLE KEYS */;
INSERT INTO `status` VALUES (1,'Assigned'),(2,'Un-assigned'),(3,'Installed');
/*!40000 ALTER TABLE `status` ENABLE KEYS */;
UNLOCK TABLES;

--
-- Table structure for table `subtype`
--

DROP TABLE IF EXISTS `subtype`;
/*!40101 SET @saved_cs_client     = @@character_set_client */;
/*!40101 SET character_set_client = utf8 */;
CREATE TABLE `subtype` (
  `SubTypeID` int(11) NOT NULL,
  `SubTypeDesc` varchar(45) DEFAULT NULL,
  `TypeID` int(11) DEFAULT NULL,
  PRIMARY KEY (`SubTypeID`),
  KEY `typeID_idx` (`TypeID`),
  CONSTRAINT `typeID` FOREIGN KEY (`TypeID`) REFERENCES `type` (`TypeID`) ON DELETE NO ACTION ON UPDATE NO ACTION
) ENGINE=InnoDB DEFAULT CHARSET=latin1;
/*!40101 SET character_set_client = @saved_cs_client */;

--
-- Dumping data for table `subtype`
--

LOCK TABLES `subtype` WRITE;
/*!40000 ALTER TABLE `subtype` DISABLE KEYS */;
INSERT INTO `subtype` VALUES (1,'Generator',1),(2,'Walkie Talkie',2);
/*!40000 ALTER TABLE `subtype` ENABLE KEYS */;
UNLOCK TABLES;

--
-- Table structure for table `suburb`
--

DROP TABLE IF EXISTS `suburb`;
/*!40101 SET @saved_cs_client     = @@character_set_client */;
/*!40101 SET character_set_client = utf8 */;
CREATE TABLE `suburb` (
  `suburbID` int(11) NOT NULL,
  `suburbName` varchar(45) DEFAULT NULL,
  `cityID` int(11) DEFAULT NULL,
  PRIMARY KEY (`suburbID`),
  KEY `cityID_idx` (`cityID`),
  CONSTRAINT `cityID` FOREIGN KEY (`cityID`) REFERENCES `city` (`cityID`) ON DELETE NO ACTION ON UPDATE NO ACTION
) ENGINE=InnoDB DEFAULT CHARSET=latin1;
/*!40101 SET character_set_client = @saved_cs_client */;

--
-- Dumping data for table `suburb`
--

LOCK TABLES `suburb` WRITE;
/*!40000 ALTER TABLE `suburb` DISABLE KEYS */;
INSERT INTO `suburb` VALUES (1,'Algoa Park',1),(2,'Beachview',1),(3,'Blue Horizon Bay',1),(4,'Bluewater Bay',1),(5,'Charlo',1),(6,'Amalinda',2),(7,'Baysville',2),(8,'Beacon Bay',2),(9,'Belgravia',2),(10,'Berea',2),(11,'Fort England',3),(12,'Hill 60',3),(13,'Oatsland',3),(14,'Kingswood',3),(15,'Somerset Heights',3),(16,'Adenorp',4),(17,'Rural',4),(18,'Nieu Bethesda',4);
/*!40000 ALTER TABLE `suburb` ENABLE KEYS */;
UNLOCK TABLES;

--
-- Table structure for table `type`
--

DROP TABLE IF EXISTS `type`;
/*!40101 SET @saved_cs_client     = @@character_set_client */;
/*!40101 SET character_set_client = utf8 */;
CREATE TABLE `type` (
  `TypeID` int(11) NOT NULL,
  `Desc` varchar(45) DEFAULT NULL,
  PRIMARY KEY (`TypeID`)
) ENGINE=InnoDB DEFAULT CHARSET=latin1;
/*!40101 SET character_set_client = @saved_cs_client */;

--
-- Dumping data for table `type`
--

LOCK TABLES `type` WRITE;
/*!40000 ALTER TABLE `type` DISABLE KEYS */;
INSERT INTO `type` VALUES (1,'Fixed'),(2,'Mobile');
/*!40000 ALTER TABLE `type` ENABLE KEYS */;
UNLOCK TABLES;

--
-- Table structure for table `user`
--

DROP TABLE IF EXISTS `user`;
/*!40101 SET @saved_cs_client     = @@character_set_client */;
/*!40101 SET character_set_client = utf8 */;
CREATE TABLE `user` (
  `UserID` int(11) NOT NULL,
  `FirstName` varchar(45) NOT NULL,
  `Surname` varchar(45) NOT NULL,
  `Dob` date NOT NULL,
  `ContactNumber` varchar(45) DEFAULT NULL,
  `Email` varchar(100) NOT NULL,
  `Salt` binary(20) NOT NULL,
  `Hash` binary(20) NOT NULL,
  `Type` int(11) NOT NULL,
  `Status` bit(1) NOT NULL,
  `Address1` varchar(45) DEFAULT NULL,
  `Address2` varchar(45) DEFAULT NULL,
  `Suburb` int(11) NOT NULL,
  PRIMARY KEY (`UserID`),
  KEY `userTpyeID_idx` (`Type`),
  KEY `suburbID_idx` (`Suburb`),
  CONSTRAINT `suburbID` FOREIGN KEY (`Suburb`) REFERENCES `suburb` (`suburbID`) ON DELETE NO ACTION ON UPDATE NO ACTION,
  CONSTRAINT `userTpyeID` FOREIGN KEY (`Type`) REFERENCES `usertype` (`UserTypeID`) ON DELETE NO ACTION ON UPDATE NO ACTION
) ENGINE=InnoDB DEFAULT CHARSET=latin1;
/*!40101 SET character_set_client = @saved_cs_client */;

--
-- Dumping data for table `user`
--

LOCK TABLES `user` WRITE;
/*!40000 ALTER TABLE `user` DISABLE KEYS */;
INSERT INTO `user` VALUES (1,'root','localhost','2018-06-21','12345678','1234@ims.com',')}ย\ร`ย\รรบ{`\รRj\ร\รฏ','ยฃรฟยย8\รรฝ\รฌ\รvยI,+\รค`ยฃaรยข',1,'\0','1 Main Street','complex',1),(2,'Neerav','Panchal','1996-07-26','0711231234','neerav@ims.com','<ย\รz\รจR3รยข\รFยgยยฃ&ยฉN','{ยฟPยฅC\ร\รฆรพ(o\ร;uรยz\ร(',1,'','1 Main','House 101',1),(3,'Mauritz','Langeveld','2018-06-21','12345','m@ims.com','\ร\รฉ\รfยปยฉยE\ร/hยฏE\nNcรคยพยผ','d\รรณยยณl\รฃb$รฑ\ร.]ยรรธ\รN',1,'','1 mains','House 1',2),(4,'Joe','Soap','2018-07-13','0711231234','j@ims.com',')\ร}YpยยยMTยบx\ร;\ร\รชTรพM','._6ยรทmรปยฉ?>ยฏeย\ร,รยซIย',2,'','6 Scanlan Street','House',1),(5,'Soap','Joe','2018-07-13','0711231234','s@ims.com','W\รฎยยตQยบ ยยยฏยปย`ยยณย\"','pรท4รถรปg\nยยยคยก\ร\รฆ\รก',3,'','4 Scanlan Street','House',1);
/*!40000 ALTER TABLE `user` ENABLE KEYS */;
UNLOCK TABLES;

--
-- Table structure for table `usertype`
--

DROP TABLE IF EXISTS `usertype`;
/*!40101 SET @saved_cs_client     = @@character_set_client */;
/*!40101 SET character_set_client = utf8 */;
CREATE TABLE `usertype` (
  `UserTypeID` int(11) NOT NULL,
  `UserTypeDesc` varchar(45) DEFAULT NULL,
  PRIMARY KEY (`UserTypeID`)
) ENGINE=InnoDB DEFAULT CHARSET=latin1;
/*!40101 SET character_set_client = @saved_cs_client */;

--
-- Dumping data for table `usertype`
--

LOCK TABLES `usertype` WRITE;
/*!40000 ALTER TABLE `usertype` DISABLE KEYS */;
INSERT INTO `usertype` VALUES (1,'IT Technicain'),(2,'Technical Employee'),(3,'Section Head');
/*!40000 ALTER TABLE `usertype` ENABLE KEYS */;
UNLOCK TABLES;
-- Dump completed on 2018-07-18 18:55:17
